Term,es,nes,pval,fdr,geneset_size,matched_size,genes,ledge_genes
Tuberculosis Homo sapiens hsa05152,-0.2729701525766502,-1.6749864642534595,0.04,0.16581849024597115,178,26,RAB7A;PPP3R1;KSR1;CTSD;HSPD1;MAPK1;EEA1;ATP6V1H;AKT3;RHOA;CORO1A;CALM3;HSPA9;CAMK2B;MAPK3;ATP6V0A1;CAMK2A;PPP3CB;ATP6V0D1;PPP3CA;MAPK10;RAB5B;CAMK2D;CAMK2G;CYCS;ATP6V0C,CTSD;HSPD1;MAPK1;EEA1;ATP6V1H;AKT3;RHOA;CORO1A;CALM3;HSPA9;CAMK2B;MAPK3;ATP6V0A1;CAMK2A;PPP3CB;ATP6V0D1;PPP3CA;MAPK10;RAB5B;CAMK2D;CAMK2G;CYCS;ATP6V0C
cGMP-PKG signaling pathway Homo sapiens hsa04022,-0.25333462530014655,-2.062130773533532,0.0,0.1687022900763359,167,42,KCNMA1;PPIF;GNAI2;PPP1CC;PPP3R1;SLC8A1;ADCY5;SLC8A2;GNAI1;GNA13;MAPK1;ATP2B2;MAP2K1;AKT3;ATP2B3;ATP2A2;ATP1A1;PPP1CA;RHOA;CALM3;GNAQ;PLCB1;PDE2A;ATP1A3;MAPK3;ITPR1;VDAC2;VDAC1;ATP2B1;SLC25A4;ATP2B4;PPP3CB;ROCK2;PPP3CA;PRKCE;ATP1B2;SLC25A5;ATP1B1;VDAC3;ATP1A2;GNA11;PPP1CB,ADCY5;SLC8A2;GNAI1;GNA13;MAPK1;ATP2B2;MAP2K1;AKT3;ATP2B3;ATP2A2;ATP1A1;PPP1CA;RHOA;CALM3;GNAQ;PLCB1;PDE2A;ATP1A3;MAPK3;ITPR1;VDAC2;VDAC1;ATP2B1;SLC25A4;ATP2B4;PPP3CB;ROCK2;PPP3CA;PRKCE;ATP1B2;SLC25A5;ATP1B1;VDAC3;ATP1A2;GNA11;PPP1CB
Oxidative phosphorylation Homo sapiens hsa00190,-0.15450613095214508,-1.6761056845342484,0.041666666666666664,0.18654580152671757,133,77,ATP6V1F;NDUFB7;NDUFA5;NDUFS5;NDUFS6;COX5A;COX6C;NDUFB9;NDUFS8;UQCRQ;ATP5B;NDUFS1;NDUFA13;NDUFA9;NDUFA3;NDUFB4;NDUFB10;NDUFB6;NDUFA12;ATP5A1;NDUFS2;ATP5H;UQCRC1;ATP6V1A;NDUFB11;SDHB;COX7B;NDUFB8;COX5B;UQCRC2;ATP6V1G2;NDUFA10;ATP6V1H;NDUFV3;ATP5D;NDUFA7;SDHA;UQCRFS1;ATP5I;NDUFV1;NDUFS4;ATP6V1B2;COX6B1;NDUFB1;UQCR10;LHPP;NDUFS3;COX4I1;COX6A1;PPA1;ATP5J;NDUFA6;NDUFV2;ATP6V1D;ATP6V0A1;ATP5O;NDUFB5;UQCRH;ATP4A;UQCRB;ATP6V0D1;PPA2;ATP5E;NDUFB3;ATP6V1E1;ATP5C1;ATP6V1C1;NDUFC2;CYC1;COX6A2;COX7C;NDUFA4;NDUFA2;NDUFS7;ATP5F1;NDUFA8;ATP6V0C,COX5A;COX6C;NDUFB9;NDUFS8;UQCRQ;ATP5B;NDUFS1;NDUFA13;NDUFA9;NDUFA3;NDUFB4;NDUFB10;NDUFB6;NDUFA12;ATP5A1;NDUFS2;ATP5H;UQCRC1;ATP6V1A;NDUFB11;SDHB;COX7B;NDUFB8;COX5B;UQCRC2;ATP6V1G2;NDUFA10;ATP6V1H;NDUFV3;ATP5D;NDUFA7;SDHA;UQCRFS1;ATP5I;NDUFV1;NDUFS4;ATP6V1B2;COX6B1;NDUFB1;UQCR10;LHPP;NDUFS3;COX4I1;COX6A1;PPA1;ATP5J;NDUFA6;NDUFV2;ATP6V1D;ATP6V0A1;ATP5O;NDUFB5;UQCRH;ATP4A;UQCRB;ATP6V0D1;PPA2;ATP5E;NDUFB3;ATP6V1E1;ATP5C1;ATP6V1C1;NDUFC2;CYC1;COX6A2;COX7C;NDUFA4;NDUFA2;NDUFS7;ATP5F1;NDUFA8;ATP6V0C
Adrenergic signaling in cardiomyocytes Homo sapiens hsa04261,-0.1971927845605075,-1.6355265351240962,0.06060606060606061,0.18946564885496184,148,45,GNAI2;PPP1CC;CACNA2D3;PPP2R2A;GNAS;PPP2CA;RYR2;SLC8A1;PPP2R5D;ADCY5;PRKCA;GNAI1;MAPK1;ATP2B2;AKT3;CACNA2D1;ATP2B3;PPP2CB;ATP2A2;TPM3;ATP1A1;PPP1CA;PPP2R1A;TPM1;CALM3;GNAQ;CAMK2B;PLCB1;ATP1A3;MAPK3;ATP2B1;CAMK2A;ATP2B4;PPP2R5E;PRKACB;PPP1R1A;ATP1B2;ATP1B1;PRKACA;ATP1A2;MYH6;CAMK2D;CACNG8;CAMK2G;PPP1CB,ADCY5;PRKCA;GNAI1;MAPK1;ATP2B2;AKT3;CACNA2D1;ATP2B3;PPP2CB;ATP2A2;TPM3;ATP1A1;PPP1CA;PPP2R1A;TPM1;CALM3;GNAQ;CAMK2B;PLCB1;ATP1A3;MAPK3;ATP2B1;CAMK2A;ATP2B4;PPP2R5E;PRKACB;PPP1R1A;ATP1B2;ATP1B1;PRKACA;ATP1A2;MYH6;CAMK2D;CACNG8;CAMK2G;PPP1CB
Synaptic vesicle cycle Homo sapiens hsa04721,-0.2529836227720178,-1.713198297940733,0.0,0.1989821882951654,63,36,ATP6V1F;NAPA;SLC17A7;CPLX2;ATP6V1A;AP2S1;VAMP2;ATP6V1G2;ATP6V1H;AP2B1;ATP6V1B2;CLTA;SNAP25;AP2A2;NSF;CLTC;STX1A;RAB3A;AP2M1;ATP6V1D;ATP6V0A1;CLTB;DNM3;RIMS1;SLC32A1;DNM1;AP2A1;ATP6V0D1;CPLX1;STXBP1;ATP6V1E1;ATP6V1C1;CACNA1A;STX1B;SYT1;ATP6V0C,ATP6V1B2;CLTA;SNAP25;AP2A2;NSF;CLTC;STX1A;RAB3A;AP2M1;ATP6V1D;ATP6V0A1;CLTB;DNM3;RIMS1;SLC32A1;DNM1;AP2A1;ATP6V0D1;CPLX1;STXBP1;ATP6V1E1;ATP6V1C1;CACNA1A;STX1B;SYT1;ATP6V0C
Huntington's disease Homo sapiens hsa05016,-0.15379422623422087,-1.7237745337397015,0.0,0.212824427480916,193,91,PPIF;NDUFB7;NDUFA5;GRIN1;NDUFS5;NDUFS6;COX5A;COX6C;NDUFB9;NDUFS8;UQCRQ;ATP5B;NDUFS1;NDUFA13;NDUFA9;NDUFA3;NDUFB4;NDUFB10;NDUFB6;NDUFA12;ATP5A1;NDUFS2;ATP5H;UQCRC1;NDUFB11;SDHB;DNAH6;COX7B;NDUFB8;AP2S1;COX5B;UQCRC2;NDUFA10;NDUFV3;ATP5D;NDUFA7;SDHA;AP2B1;DCTN2;UQCRFS1;NDUFV1;NDUFS4;GRIN2B;CLTA;COX6B1;NDUFB1;SOD2;UQCR10;GNAQ;AP2A2;NDUFS3;CLTC;PLCB1;AP2M1;COX4I1;ITPR1;VDAC2;VDAC1;COX6A1;ATP5J;NDUFA6;NDUFV2;SLC25A4;ATP5O;CLTB;NDUFB5;DLG4;UQCRH;AP2A1;UQCRB;GRM5;ATP5E;NDUFB3;DCTN1;ATP5C1;NDUFC2;SLC25A5;VDAC3;CYC1;COX6A2;GPX1;COX7C;SOD1;NDUFA4;NDUFA2;NDUFS7;ATP5F1;TFAM;HTT;NDUFA8;CYCS,COX5A;COX6C;NDUFB9;NDUFS8;UQCRQ;ATP5B;NDUFS1;NDUFA13;NDUFA9;NDUFA3;NDUFB4;NDUFB10;NDUFB6;NDUFA12;ATP5A1;NDUFS2;ATP5H;UQCRC1;NDUFB11;SDHB;DNAH6;COX7B;NDUFB8;AP2S1;COX5B;UQCRC2;NDUFA10;NDUFV3;ATP5D;NDUFA7;SDHA;AP2B1;DCTN2;UQCRFS1;NDUFV1;NDUFS4;GRIN2B;CLTA;COX6B1;NDUFB1;SOD2;UQCR10;GNAQ;AP2A2;NDUFS3;CLTC;PLCB1;AP2M1;COX4I1;ITPR1;VDAC2;VDAC1;COX6A1;ATP5J;NDUFA6;NDUFV2;SLC25A4;ATP5O;CLTB;NDUFB5;DLG4;UQCRH;AP2A1;UQCRB;GRM5;ATP5E;NDUFB3;DCTN1;ATP5C1;NDUFC2;SLC25A5;VDAC3;CYC1;COX6A2;GPX1;COX7C;SOD1;NDUFA4;NDUFA2;NDUFS7;ATP5F1;TFAM;HTT;NDUFA8;CYCS
Aldosterone synthesis and secretion Homo sapiens hsa04925,-0.31480717240058675,-1.6766859539043961,0.0,0.21319520174482007,81,19,GNAS;PRKCG;ADCY5;PRKCA;CAMK1D;CALM3;GNAQ;CAMK2B;PLCB1;PDE2A;ITPR1;CAMK2A;PRKACB;PRKCE;PRKCB;PRKACA;CAMK2D;GNA11;CAMK2G,CALM3;GNAQ;CAMK2B;PLCB1;PDE2A;ITPR1;CAMK2A;PRKACB;PRKCE;PRKCB;PRKACA;CAMK2D;GNA11;CAMK2G
Calcium signaling pathway Homo sapiens hsa04020,-0.19703527473393412,-1.5268497061376871,0.02857142857142857,0.2224645583424209,180,40,PPIF;GRIN1;PPP3R1;GNAS;PDE1A;RYR2;PTK2B;PRKCG;SLC8A1;PDE1B;PRKCA;SLC8A2;ATP2B2;ATP2B3;ATP2A2;CALM3;GNAQ;CAMK2B;PLCB1;ITPR1;VDAC2;VDAC1;ATP2B1;SLC25A4;CAMK2A;ATP2B4;GRIN2A;PRKACB;PPP3CB;GRM5;PPP3CA;PRKCB;CACNA1A;SLC25A5;VDAC3;PRKACA;CAMK2D;GNA11;ITPKA;CAMK2G,CALM3;GNAQ;CAMK2B;PLCB1;ITPR1;VDAC2;VDAC1;ATP2B1;SLC25A4;CAMK2A;ATP2B4;GRIN2A;PRKACB;PPP3CB;GRM5;PPP3CA;PRKCB;CACNA1A;SLC25A5;VDAC3;PRKACA;CAMK2D;GNA11;ITPKA;CAMK2G
Inflammatory mediator regulation of TRP channels Homo sapiens hsa04750,-0.2714259483627353,-1.5835600769917648,0.02631578947368421,0.22297015961138097,98,20,PPP1CC;GNAS;PRKCG;ADCY5;PRKCA;PPP1CA;CALM3;GNAQ;CAMK2B;PLCB1;ITPR1;CAMK2A;PRKACB;PRKCE;PRKCB;MAPK10;PRKACA;CAMK2D;CAMK2G;PPP1CB,CALM3;GNAQ;CAMK2B;PLCB1;ITPR1;CAMK2A;PRKACB;PRKCE;PRKCB;MAPK10;PRKACA;CAMK2D;CAMK2G;PPP1CB
GnRH signaling pathway Homo sapiens hsa04912,-0.28306384916071037,-1.509229297607183,0.08823529411764706,0.22320610687022902,91,25,HRAS;GNAS;PTK2B;ADCY5;PRKCA;KRAS;MAPK1;MAP2K1;GRB2;CALM3;GNAQ;CAMK2B;PLCB1;MAPK3;ITPR1;MAP2K4;CAMK2A;PRKACB;CDC42;PRKCB;MAPK10;PRKACA;CAMK2D;GNA11;CAMK2G,ADCY5;PRKCA;KRAS;MAPK1;MAP2K1;GRB2;CALM3;GNAQ;CAMK2B;PLCB1;MAPK3;ITPR1;MAP2K4;CAMK2A;PRKACB;CDC42;PRKCB;MAPK10;PRKACA;CAMK2D;GNA11;CAMK2G
Parkinson's disease Homo sapiens hsa05012,-0.14019485828432351,-1.5290356019067153,0.0,0.23857897827363478,142,78,PPIF;GNAI2;NDUFB7;NDUFA5;NDUFS5;NDUFS6;COX5A;COX6C;NDUFB9;NDUFS8;UQCRQ;ATP5B;NDUFS1;NDUFA13;NDUFA9;SNCA;NDUFA3;NDUFB4;NDUFB10;NDUFB6;NDUFA12;ATP5A1;NDUFS2;ATP5H;UQCRC1;PARK7;UBA1;NDUFB11;SDHB;COX7B;NDUFB8;COX5B;UQCRC2;ADCY5;GNAI1;UCHL1;NDUFA10;NDUFV3;ATP5D;NDUFA7;SDHA;UQCRFS1;NDUFV1;NDUFS4;COX6B1;NDUFB1;UQCR10;UBE2L3;NDUFS3;COX4I1;VDAC2;VDAC1;COX6A1;ATP5J;NDUFA6;NDUFV2;SLC25A4;ATP5O;NDUFB5;PRKACB;UQCRH;UQCRB;ATP5E;NDUFB3;ATP5C1;NDUFC2;SLC25A5;VDAC3;CYC1;COX6A2;PRKACA;COX7C;NDUFA4;NDUFA2;NDUFS7;ATP5F1;NDUFA8;CYCS,COX5A;COX6C;NDUFB9;NDUFS8;UQCRQ;ATP5B;NDUFS1;NDUFA13;NDUFA9;SNCA;NDUFA3;NDUFB4;NDUFB10;NDUFB6;NDUFA12;ATP5A1;NDUFS2;ATP5H;UQCRC1;PARK7;UBA1;NDUFB11;SDHB;COX7B;NDUFB8;COX5B;UQCRC2;ADCY5;GNAI1;UCHL1;NDUFA10;NDUFV3;ATP5D;NDUFA7;SDHA;UQCRFS1;NDUFV1;NDUFS4;COX6B1;NDUFB1;UQCR10;UBE2L3;NDUFS3;COX4I1;VDAC2;VDAC1;COX6A1;ATP5J;NDUFA6;NDUFV2;SLC25A4;ATP5O;NDUFB5;PRKACB;UQCRH;UQCRB;ATP5E;NDUFB3;ATP5C1;NDUFC2;SLC25A5;VDAC3;CYC1;COX6A2;PRKACA;COX7C;NDUFA4;NDUFA2;NDUFS7;ATP5F1;NDUFA8;CYCS
Gastric acid secretion Homo sapiens hsa04971,-0.2255161800389514,-1.4164367657216437,0.14705882352941177,0.24137404580152672,74,26,GNAI2;EZR;GNAS;CA2;PRKCG;ADCY5;PRKCA;GNAI1;ATP1A1;CALM3;GNAQ;CAMK2B;PLCB1;ATP1A3;ITPR1;CAMK2A;PRKACB;ATP4A;PRKCB;ATP1B2;ATP1B1;PRKACA;ATP1A2;CAMK2D;SST;CAMK2G,CALM3;GNAQ;CAMK2B;PLCB1;ATP1A3;ITPR1;CAMK2A;PRKACB;ATP4A;PRKCB;ATP1B2;ATP1B1;PRKACA;ATP1A2;CAMK2D;SST;CAMK2G
HIF-1 signaling pathway Homo sapiens hsa04066,-0.24112224920283293,-1.4369043539123345,0.08333333333333333,0.24151823579304493,103,26,RBX1;PDHA1;TCEB1;ENO1;PRKCG;SLC2A1;ALDOA;PRKCA;HK1;MAPK1;MAP2K1;ENO2;AKT3;PDHB;PGK1;LDHA;TCEB2;RPS6;CAMK2B;MAPK3;CAMK2A;CUL2;PRKCB;TF;CAMK2D;CAMK2G,PDHA1;TCEB1;ENO1;PRKCG;SLC2A1;ALDOA;PRKCA;HK1;MAPK1;MAP2K1;ENO2;AKT3;PDHB;PGK1;LDHA;TCEB2;RPS6;CAMK2B;MAPK3;CAMK2A;CUL2;PRKCB;TF;CAMK2D;CAMK2G
Neurotrophin signaling pathway Homo sapiens hsa04722,-0.2441902934793258,-1.4724154065499764,0.08823529411764706,0.24169847328244273,120,23,CRK;HRAS;YWHAE;CRKL;KRAS;MAPK1;MAP2K1;AKT3;GRB2;RHOA;ARHGDIA;CALM3;PTPN11;CAMK2B;GSK3B;MAPK3;CAMK2A;SORT1;CDC42;MAPK10;NTRK2;CAMK2D;CAMK2G,KRAS;MAPK1;MAP2K1;AKT3;GRB2;RHOA;ARHGDIA;CALM3;PTPN11;CAMK2B;GSK3B;MAPK3;CAMK2A;SORT1;CDC42;MAPK10;NTRK2;CAMK2D;CAMK2G
Phosphatidylinositol signaling system Homo sapiens hsa04070,-0.27343977193190677,-1.5351717077374973,0.046511627906976744,0.2465648854961832,98,21,CDIPT;DGKB;INPP5J;PRKCG;IMPA1;PRKCA;CALM3;SYNJ1;PLCB1;ITPR1;OCRL;MTMR1;PIP4K2C;PIP4K2B;INPP4B;DGKI;PIP4K2A;PRKCB;PI4KA;INPP1;ITPKA,CALM3;SYNJ1;PLCB1;ITPR1;OCRL;MTMR1;PIP4K2C;PIP4K2B;INPP4B;DGKI;PIP4K2A;PRKCB;PI4KA;INPP1;ITPKA
Alzheimer's disease Homo sapiens hsa05010,-0.15998095694120726,-1.7851298286114874,0.05,0.2465648854961832,168,83,NDUFB7;NDUFA5;GRIN1;NDUFS5;NDUFS6;PPP3R1;COX5A;COX6C;NDUFB9;NDUFS8;UQCRQ;CDK5;ATP5B;NDUFS1;NDUFA13;NDUFA9;SNCA;NDUFA3;NDUFB4;NDUFB10;APP;NDUFB6;NDUFA12;ATP5A1;NDUFS2;ATP5H;UQCRC1;NDUFB11;HSD17B10;SDHB;COX7B;NDUFB8;COX5B;UQCRC2;LRP1;MAPK1;NDUFA10;NDUFV3;ATP5D;NDUFA7;SDHA;UQCRFS1;ATP2A2;NDUFV1;NDUFS4;GRIN2B;COX6B1;NDUFB1;UQCR10;CALM3;GNAQ;NDUFS3;PLCB1;GSK3B;MAPK3;COX4I1;ITPR1;COX6A1;ATP5J;NDUFA6;NDUFV2;ATP5O;GRIN2A;NDUFB5;MAPT;PPP3CB;UQCRH;UQCRB;PPP3CA;ATP5E;NDUFB3;ATP5C1;NDUFC2;CYC1;COX6A2;COX7C;NDUFA4;NDUFA2;NDUFS7;ATP5F1;APOE;NDUFA8;CYCS,PPP3R1;COX5A;COX6C;NDUFB9;NDUFS8;UQCRQ;CDK5;ATP5B;NDUFS1;NDUFA13;NDUFA9;SNCA;NDUFA3;NDUFB4;NDUFB10;APP;NDUFB6;NDUFA12;ATP5A1;NDUFS2;ATP5H;UQCRC1;NDUFB11;HSD17B10;SDHB;COX7B;NDUFB8;COX5B;UQCRC2;LRP1;MAPK1;NDUFA10;NDUFV3;ATP5D;NDUFA7;SDHA;UQCRFS1;ATP2A2;NDUFV1;NDUFS4;GRIN2B;COX6B1;NDUFB1;UQCR10;CALM3;GNAQ;NDUFS3;PLCB1;GSK3B;MAPK3;COX4I1;ITPR1;COX6A1;ATP5J;NDUFA6;NDUFV2;ATP5O;GRIN2A;NDUFB5;MAPT;PPP3CB;UQCRH;UQCRB;PPP3CA;ATP5E;NDUFB3;ATP5C1;NDUFC2;CYC1;COX6A2;COX7C;NDUFA4;NDUFA2;NDUFS7;ATP5F1;APOE;NDUFA8;CYCS
cAMP signaling pathway Homo sapiens hsa04024,-0.15650626440526572,-1.4419182634610803,0.058823529411764705,0.2488549618320611,199,46,GNAI2;PPP1CC;RAC3;GRIN1;ACOX1;MLLT4;GNAS;GRIA1;GABBR1;RYR2;GRIA3;ADCY5;GNAI1;PAK1;MAPK1;ATP2B2;MAP2K1;AKT3;ATP2B3;ATP2A2;ATP1A1;PPP1CA;RHOA;GRIN2B;CALM3;CAMK2B;PDE4D;ATP1A3;GRIA2;MAPK3;ATP2B1;CAMK2A;ATP2B4;GRIN2A;PRKACB;ROCK2;ATP1B2;MAPK10;ADCYAP1R1;ATP1B1;PRKACA;ATP1A2;CAMK2D;GABBR2;CAMK2G;PPP1CB,GNAI1;PAK1;MAPK1;ATP2B2;MAP2K1;AKT3;ATP2B3;ATP2A2;ATP1A1;PPP1CA;RHOA;GRIN2B;CALM3;CAMK2B;PDE4D;ATP1A3;GRIA2;MAPK3;ATP2B1;CAMK2A;ATP2B4;GRIN2A;PRKACB;ROCK2;ATP1B2;MAPK10;ADCYAP1R1;ATP1B1;PRKACA;ATP1A2;CAMK2D;GABBR2;CAMK2G;PPP1CB
Endocrine and other factor-regulated calcium reabsorption Homo sapiens hsa04961,-0.29570905271914205,-1.739346953322356,0.025,0.25305343511450384,47,25,GNAS;PRKCG;SLC8A1;AP2S1;PRKCA;AP2B1;ATP1A1;CLTA;GNAQ;AP2A2;CLTC;PLCB1;ATP1A3;AP2M1;ATP2B1;CLTB;DNM3;PRKACB;DNM1;AP2A1;PRKCB;ATP1B2;ATP1B1;PRKACA;ATP1A2,AP2B1;ATP1A1;CLTA;GNAQ;AP2A2;CLTC;PLCB1;ATP1A3;AP2M1;ATP2B1;CLTB;DNM3;PRKACB;DNM1;AP2A1;PRKCB;ATP1B2;ATP1B1;PRKACA;ATP1A2
Melanogenesis Homo sapiens hsa04916,-0.2312335732130102,-1.4200994387806205,0.1111111111111111,0.25339493772599436,100,24,GNAI2;HRAS;GNAS;PRKCG;ADCY5;PRKCA;KRAS;GNAI1;MAPK1;MAP2K1;CALM3;GNAQ;CAMK2B;PLCB1;CTNNB1;GSK3B;MAPK3;CAMK2A;GNAO1;PRKACB;PRKCB;PRKACA;CAMK2D;CAMK2G,ADCY5;PRKCA;KRAS;GNAI1;MAPK1;MAP2K1;CALM3;GNAQ;CAMK2B;PLCB1;CTNNB1;GSK3B;MAPK3;CAMK2A;GNAO1;PRKACB;PRKCB;PRKACA;CAMK2D;CAMK2G
Thyroid hormone synthesis Homo sapiens hsa04918,-0.22376584915909165,-1.359555509570786,0.08333333333333333,0.29229371137768084,71,20,GSR;GNAS;PRKCG;HSPA5;ADCY5;PRKCA;ATP1A1;HSP90B1;GNAQ;PLCB1;ATP1A3;ITPR1;CANX;PRKACB;PRKCB;ATP1B2;ATP1B1;GPX1;PRKACA;ATP1A2,PRKCG;HSPA5;ADCY5;PRKCA;ATP1A1;HSP90B1;GNAQ;PLCB1;ATP1A3;ITPR1;CANX;PRKACB;PRKCB;ATP1B2;ATP1B1;GPX1;PRKACA;ATP1A2
Insulin secretion Homo sapiens hsa04911,-0.2583026419470658,-1.8198515516074862,0.0,0.3244274809160305,85,28,KCNMA1;GNAS;RYR2;PRKCG;SLC2A1;VAMP2;ADCY5;PRKCA;ATP1A1;SNAP25;GNAQ;STX1A;CAMK2B;PLCB1;ATP1A3;RAB3A;CAMK2A;PRKACB;PRKCB;PCLO;ATP1B2;ADCYAP1R1;ATP1B1;PRKACA;ATP1A2;CAMK2D;GNA11;CAMK2G,SNAP25;GNAQ;STX1A;CAMK2B;PLCB1;ATP1A3;RAB3A;CAMK2A;PRKACB;PRKCB;PCLO;ATP1B2;ADCYAP1R1;ATP1B1;PRKACA;ATP1A2;CAMK2D;GNA11;CAMK2G
Epithelial cell signaling in Helicobacter pylori infection Homo sapiens hsa05120,-0.251673607840945,-1.297840261931935,0.17142857142857143,0.33514769332890804,68,19,CSK;ATP6V1F;ATP6V1A;ATP6V1G2;PAK1;ATP6V1H;PTPRZ1;ATP6V1B2;GIT1;PTPN11;ATP6V1D;ATP6V0A1;MAP2K4;CDC42;ATP6V0D1;ATP6V1E1;ATP6V1C1;MAPK10;ATP6V0C,ATP6V1G2;PAK1;ATP6V1H;PTPRZ1;ATP6V1B2;GIT1;PTPN11;ATP6V1D;ATP6V0A1;MAP2K4;CDC42;ATP6V0D1;ATP6V1E1;ATP6V1C1;MAPK10;ATP6V0C
Wnt signaling pathway Homo sapiens hsa04310,-0.20861696951660907,-1.30573518282444,0.0967741935483871,0.3427133934767522,142,28,RBX1;RAC3;PPP3R1;RUVBL1;CTBP1;PRKCG;CACYBP;PRKCA;CSNK2B;CSNK2A2;RHOA;CSNK2A1;CAMK2B;PLCB1;CTNNB1;GSK3B;CAMK2A;PRKACB;PPP3CB;ROCK2;PPP3CA;PRKCB;MAPK10;SKP1;PRICKLE2;PRKACA;CAMK2D;CAMK2G,CSNK2B;CSNK2A2;RHOA;CSNK2A1;CAMK2B;PLCB1;CTNNB1;GSK3B;CAMK2A;PRKACB;PPP3CB;ROCK2;PPP3CA;PRKCB;MAPK10;SKP1;PRICKLE2;PRKACA;CAMK2D;CAMK2G
Non-alcoholic fatty liver disease (NAFLD) Homo sapiens hsa04932,-0.13542058770211873,-1.2495478333148307,0.15151515151515152,0.3742595419847328,151,62,PKLR;NDUFB7;NDUFA5;NDUFS5;NDUFS6;COX5A;COX6C;NDUFB9;NDUFS8;UQCRQ;NDUFS1;NDUFA13;NDUFA9;NDUFA3;NDUFB4;EIF2S1;NDUFB10;NDUFB6;NDUFA12;NDUFS2;UQCRC1;NDUFB11;SDHB;COX7B;NDUFB8;COX5B;UQCRC2;NDUFA10;AKT3;NDUFV3;NDUFA7;SDHA;UQCRFS1;NDUFV1;NDUFS4;COX6B1;NDUFB1;UQCR10;NDUFS3;PRKAA1;GSK3B;COX4I1;COX6A1;NDUFA6;NDUFV2;NDUFB5;UQCRH;CDC42;UQCRB;LEPR;NDUFB3;GSK3A;MAPK10;NDUFC2;CYC1;COX6A2;COX7C;NDUFA4;NDUFA2;NDUFS7;NDUFA8;CYCS,COX5A;COX6C;NDUFB9;NDUFS8;UQCRQ;NDUFS1;NDUFA13;NDUFA9;NDUFA3;NDUFB4;EIF2S1;NDUFB10;NDUFB6;NDUFA12;NDUFS2;UQCRC1;NDUFB11;SDHB;COX7B;NDUFB8;COX5B;UQCRC2;NDUFA10;AKT3;NDUFV3;NDUFA7;SDHA;UQCRFS1;NDUFV1;NDUFS4;COX6B1;NDUFB1;UQCR10;NDUFS3;PRKAA1;GSK3B;COX4I1;COX6A1;NDUFA6;NDUFV2;NDUFB5;UQCRH;CDC42;UQCRB;LEPR;NDUFB3;GSK3A;MAPK10;NDUFC2;CYC1;COX6A2;COX7C;NDUFA4;NDUFA2;NDUFS7;NDUFA8;CYCS
Long-term potentiation Homo sapiens hsa04720,-0.1782886058106791,-1.2348140968067067,0.16129032258064516,0.3793305930710511,66,32,PPP1CC;GRIN1;HRAS;ARAF;PPP3R1;GRIA1;PRKCG;PRKCA;KRAS;MAPK1;MAP2K1;PPP1CA;GRIN2B;CALM3;GNAQ;CAMK2B;PLCB1;GRIA2;MAPK3;ITPR1;CAMK2A;GRIN2A;PRKACB;PPP3CB;PPP1R1A;GRM5;PPP3CA;PRKCB;PRKACA;CAMK2D;CAMK2G;PPP1CB,PRKCA;KRAS;MAPK1;MAP2K1;PPP1CA;GRIN2B;CALM3;GNAQ;CAMK2B;PLCB1;GRIA2;MAPK3;ITPR1;CAMK2A;GRIN2A;PRKACB;PPP3CB;PPP1R1A;GRM5;PPP3CA;PRKCB;PRKACA;CAMK2D;CAMK2G;PPP1CB
Cardiac muscle contraction Homo sapiens hsa04260,-0.18664492580510925,-1.2511893803727177,0.16,0.38877226463104325,78,31,CACNA2D3;COX5A;COX6C;UQCRQ;RYR2;UQCRC1;SLC8A1;COX7B;COX5B;UQCRC2;CACNA2D1;UQCRFS1;ATP2A2;TPM3;ATP1A1;COX6B1;TPM1;UQCR10;ATP1A3;COX4I1;COX6A1;UQCRH;UQCRB;ATP1B2;ATP1B1;CYC1;COX6A2;ATP1A2;COX7C;MYH6;CACNG8,COX5A;COX6C;UQCRQ;RYR2;UQCRC1;SLC8A1;COX7B;COX5B;UQCRC2;CACNA2D1;UQCRFS1;ATP2A2;TPM3;ATP1A1;COX6B1;TPM1;UQCR10;ATP1A3;COX4I1;COX6A1;UQCRH;UQCRB;ATP1B2;ATP1B1;CYC1;COX6A2;ATP1A2;COX7C;MYH6;CACNG8
Neuroactive ligand-receptor interaction Homo sapiens hsa04080,-0.20199685274603324,-1.1092794788291636,0.4146341463414634,0.5806050325134295,277,19,GABRA2;GRM7;GRIN1;GRIA1;GABBR1;GRIA3;CNR1;GRIN2B;GRIA2;GRIN2A;MTNR1A;GRM5;LEPR;GABRA1;ADCYAP1R1;GABBR2;GRM2;CHRNB1;GABRG1,GRIN2A;MTNR1A;GRM5;LEPR;GABRA1;ADCYAP1R1;GABBR2;GRM2;CHRNB1;GABRG1
Insulin resistance Homo sapiens hsa04931,-0.17601116835122455,-0.9852237281925621,0.42105263157894735,0.6148339178873531,109,17,PPP1CC;PCK2;MGEA5;SLC2A1;SLC27A4;PYGB;AKT3;PPP1CA;PTPN11;PYGM;PRKAA1;GSK3B;PRKCE;PRKCB;MAPK10;OGT;PPP1CB,SLC27A4;PYGB;AKT3;PPP1CA;PTPN11;PYGM;PRKAA1;GSK3B;PRKCE;PRKCB;MAPK10;OGT;PPP1CB
Retrograde endocannabinoid signaling Homo sapiens hsa04723,-0.12371640918081907,-0.9867961588071127,0.44,0.6283078880407125,101,40,GNG12;GABRA2;GNAI2;GNG3;GNG5;GRIA1;SLC17A7;GNB2;GNG4;PRKCG;GNB1;GRIA3;ADCY5;PRKCA;GNAI1;MAPK1;GNB5;CNR1;GNAQ;GNB3;MGLL;PLCB1;GRIA2;MAPK3;ITPR1;GNG2;RIMS1;GNAO1;PRKACB;SLC32A1;GRM5;PRKCB;GABRA1;CACNA1A;MAPK10;PRKACA;GNG7;GNB4;GABRG1;KCNJ6,GNAQ;GNB3;MGLL;PLCB1;GRIA2;MAPK3;ITPR1;GNG2;RIMS1;GNAO1;PRKACB;SLC32A1;GRM5;PRKCB;GABRA1;CACNA1A;MAPK10;PRKACA;GNG7;GNB4;GABRG1;KCNJ6
HTLV-I infection Homo sapiens hsa05166,-0.1513219711426435,-1.0055230615369064,0.46875,0.6297709923664122,258,32,CRTC1;VCAM1;IL2RB;HRAS;PPP3R1;MRAS;XPO1;SLC2A1;ADCY5;KRAS;FDPS;AKT3;RANBP1;TLN2;DLG1;CTNNB1;GSK3B;CANX;VDAC2;VDAC1;SLC25A4;MAP2K4;PRKACB;PPP3CB;PPP3CA;SLC25A5;VDAC3;CALR;PRKACA;ATM;TLN1;BUB3,DLG1;CTNNB1;GSK3B;CANX;VDAC2;VDAC1;SLC25A4;MAP2K4;PRKACB;PPP3CB;PPP3CA;SLC25A5;VDAC3;CALR;PRKACA;ATM;TLN1;BUB3
Inositol phosphate metabolism Homo sapiens hsa00562,-0.20565253974714479,-1.0582213681311685,0.38461538461538464,0.6340879178731245,71,17,CDIPT;INPP5J;PLCH2;TPI1;IMPA1;ALDH6A1;SYNJ1;PLCB1;OCRL;MTMR1;PIP4K2C;PIP4K2B;INPP4B;PIP4K2A;PI4KA;INPP1;ITPKA,SYNJ1;PLCB1;OCRL;MTMR1;PIP4K2C;PIP4K2B;INPP4B;PIP4K2A;PI4KA;INPP1;ITPKA
Salivary secretion Homo sapiens hsa04970,-0.16349961921572442,-0.9873460329277162,0.4857142857142857,0.6451472191930208,89,24,KCNMA1;CST3;SLC12A2;GNAS;PRKCG;VAMP2;ADCY5;PRKCA;ATP2B2;ATP2B3;ATP1A1;CALM3;GNAQ;PLCB1;ATP1A3;ITPR1;ATP2B1;ATP2B4;PRKACB;PRKCB;ATP1B2;ATP1B1;PRKACA;ATP1A2,VAMP2;ADCY5;PRKCA;ATP2B2;ATP2B3;ATP1A1;CALM3;GNAQ;PLCB1;ATP1A3;ITPR1;ATP2B1;ATP2B4;PRKACB;PRKCB;ATP1B2;ATP1B1;PRKACA;ATP1A2
Olfactory transduction Homo sapiens hsa04740,-0.1988174007148597,-1.0077362164039705,0.4074074074074074,0.6453157529493406,415,18,ADRBK2;PDE1A;ARRB1;SLC8A1;GNB1;PDE1B;SLC8A2;ADRBK1;CALM3;CAMK2B;PDE2A;CAMK2A;PRKACB;PRKACA;CAMK2D;GNG7;NCALD;CAMK2G,PDE1A;ARRB1;SLC8A1;GNB1;PDE1B;SLC8A2;ADRBK1;CALM3;CAMK2B;PDE2A;CAMK2A;PRKACB;PRKACA;CAMK2D;GNG7;NCALD;CAMK2G
Glucagon signaling pathway Homo sapiens hsa04922,-0.1548312550052046,-0.9601874524016966,0.5,0.6461229409401366,101,29,CPT1C;PCK2;PGAM2;PPP3R1;GNAS;PDHA1;PRMT1;SLC2A1;PYGB;AKT3;PDHB;LDHA;CALM3;PKM;GNAQ;PYGM;CAMK2B;PLCB1;PRKAA1;ITPR1;CAMK2A;PRKACB;PPP3CB;PPP3CA;LDHB;PRKACA;PGAM1;CAMK2D;CAMK2G,CALM3;PKM;GNAQ;PYGM;CAMK2B;PLCB1;PRKAA1;ITPR1;CAMK2A;PRKACB;PPP3CB;PPP3CA;LDHB;PRKACA;PGAM1;CAMK2D;CAMK2G
Citrate cycle (TCA cycle) Homo sapiens hsa00020,0.31298121907509585,1.5574992940723296,0.03125,0.6476079346557759,30,23,SUCLG2;OGDH;CS;PCK2;IDH3G;MDH2;IDH2;DLD;PDHA1;SDHB;DLST;ACO2;IDH1;OGDHL;PDHB;SDHA;FH;SUCLA2;IDH3A;DLAT;IDH3B;ACLY;MDH1,SUCLG2;OGDH;CS;PCK2;IDH3G;MDH2;IDH2;DLD;PDHA1;SDHB;DLST;ACO2;IDH1;OGDHL;PDHB;SDHA;FH;SUCLA2;IDH3A;DLAT;IDH3B
Oxytocin signaling pathway Homo sapiens hsa04921,-0.13426430355781643,-1.0176386814616873,0.42857142857142855,0.647638358778626,158,43,GNAI2;PPP1CC;CACNA2D3;RCAN1;HRAS;PPP3R1;GNAS;MYL6;ACTG1;RYR2;PRKCG;ADCY5;PRKCA;KRAS;GNAI1;MAPK1;CAMK1D;MAP2K1;CACNA2D1;PPP1CA;RHOA;CALM3;GNAQ;EEF2;CAMK2B;PLCB1;PRKAA1;MAPK3;ITPR1;CAMK2A;GNAO1;PRKACB;PPP3CB;ROCK2;PPP3CA;PRKCB;PRKACA;CAMK2D;CAMKK1;CACNG8;CAMK2G;PPP1CB;KCNJ6,ADCY5;PRKCA;KRAS;GNAI1;MAPK1;CAMK1D;MAP2K1;CACNA2D1;PPP1CA;RHOA;CALM3;GNAQ;EEF2;CAMK2B;PLCB1;PRKAA1;MAPK3;ITPR1;CAMK2A;GNAO1;PRKACB;PPP3CB;ROCK2;PPP3CA;PRKCB;PRKACA;CAMK2D;CAMKK1;CACNG8;CAMK2G;PPP1CB;KCNJ6
Glioma Homo sapiens hsa05214,-0.2143101390644263,-1.0600729849985011,0.375,0.6520992366412214,65,16,HRAS;ARAF;PRKCG;PRKCA;KRAS;MAPK1;MAP2K1;AKT3;GRB2;CALM3;CAMK2B;MAPK3;CAMK2A;PRKCB;CAMK2D;CAMK2G,PRKCA;KRAS;MAPK1;MAP2K1;AKT3;GRB2;CALM3;CAMK2B;MAPK3;CAMK2A;PRKCB;CAMK2D;CAMK2G
Chagas disease (American trypanosomiasis) Homo sapiens hsa05142,-0.1959666766524386,-1.0321379166713465,0.42424242424242425,0.662264631043257,104,18,GNAI2;PPP2R2A;GNAS;PPP2CA;GNAI1;MAPK1;AKT3;PPP2CB;C1QB;PPP2R1A;GNAQ;PLCB1;MAPK3;MAP2K4;GNAO1;MAPK10;CALR;GNA11,GNAI1;MAPK1;AKT3;PPP2CB;C1QB;PPP2R1A;GNAQ;PLCB1;MAPK3;MAP2K4;GNAO1;MAPK10;CALR;GNA11
Cholinergic synapse Homo sapiens hsa04725,-0.1390521475875952,-1.0183748170365985,0.41025641025641024,0.6672740704260035,111,36,GNG12;GNAI2;GNG3;GNG5;HRAS;GNB2;GNG4;PRKCG;GNB1;ADCY5;PRKCA;KRAS;GNAI1;MAPK1;MAP2K1;GNB5;AKT3;GNAQ;GNB3;CAMK2B;PLCB1;MAPK3;ITPR1;GNG2;CAMK2A;GNAO1;PRKACB;PRKCB;CACNA1A;PRKACA;CAMK2D;GNG7;GNA11;GNB4;CAMK2G;KCNJ6,ADCY5;PRKCA;KRAS;GNAI1;MAPK1;MAP2K1;GNB5;AKT3;GNAQ;GNB3;CAMK2B;PLCB1;MAPK3;ITPR1;GNG2;CAMK2A;GNAO1;PRKACB;PRKCB;CACNA1A;PRKACA;CAMK2D;GNG7;GNA11;GNB4;CAMK2G;KCNJ6
Apoptosis Homo sapiens hsa04210,0.26646246719142097,1.5192885321567913,0.04918032786885246,0.6759793298883147,140,24,GZMB;TUBA8;TUBA1A;LMNB1;HRAS;TUBA1B;AIFM1;EIF2S1;ACTG1;LMNB2;TUBA4A;LMNA;CTSD;KRAS;MAPK1;MAP2K1;AKT3;SPTAN1;MAPK3;ITPR1;CTSB;MAPK10;ATM;CYCS,GZMB;TUBA8;TUBA1A;LMNB1;HRAS;TUBA1B;AIFM1;EIF2S1;ACTG1;LMNB2;TUBA4A;LMNA;CTSD;KRAS;MAPK1;MAP2K1;AKT3
Cell adhesion molecules (CAMs) Homo sapiens hsa04514,-0.15749679412647669,-0.9286540801122902,0.6,0.6911137208847133,142,21,VCAM1;CLDN11;CNTNAP2;VCAN;NRCAM;CNTNAP1;ALCAM;MAG;CNTN2;CADM1;CNTN1;CDH2;NRXN3;CADM3;NFASC;NCAM1;NLGN3;GLG1;NEGR1;L1CAM;NCAM2,NRCAM;CNTNAP1;ALCAM;MAG;CNTN2;CADM1;CNTN1;CDH2;NRXN3;CADM3;NFASC;NCAM1;NLGN3;GLG1;NEGR1;L1CAM;NCAM2
Amoebiasis Homo sapiens hsa05146,0.2939212530143739,1.4842545683197665,0.07692307692307693,0.6929404900816802,100,19,COL1A2;RAB7A;LAMC1;ACTN2;COL4A2;ACTN4;GNAS;PRKCG;ACTN1;PRKCA;VCL;GNAQ;PLCB1;PRKACB;PRKCB;RAB5B;PRKACA;PTK2;GNA11,COL1A2;RAB7A;LAMC1;ACTN2;COL4A2;ACTN4
Fatty acid metabolism Homo sapiens hsa01212,0.347826889386722,1.6318149424446604,0.027777777777777776,0.7015752625437573,48,18,PTPLAD1;ACAA2;ACSL3;PPT1;CPT1C;ACADL;ACOX1;TECR;FASN;HADHA;ACSBG1;HADHB;HADH;ACSL6;ECHS1;ACAT1;ACSL4;CPT2,PTPLAD1;ACAA2;ACSL3;PPT1;CPT1C;ACADL
Hepatitis B Homo sapiens hsa05161,-0.15664738011006438,-0.9079210302871329,0.6129032258064516,0.7150381679389314,146,20,HSPG2;HRAS;YWHAZ;PTK2B;PRKCG;YWHAQ;YWHAB;PRKCA;KRAS;MAPK1;MAP2K1;AKT3;GRB2;DDB1;MAPK3;MAP2K4;PRKCB;MAPK10;VDAC3;CYCS,PTK2B;PRKCG;YWHAQ;YWHAB;PRKCA;KRAS;MAPK1;MAP2K1;AKT3;GRB2;DDB1;MAPK3;MAP2K4;PRKCB;MAPK10;VDAC3;CYCS
Circadian entrainment Homo sapiens hsa04713,-0.11707307628820847,-0.8980099402467953,0.7241379310344828,0.7156395457084341,95,41,GNG12;GNAI2;GRIN1;GNG3;GNG5;GNAS;GRIA1;GNB2;GNG4;RYR2;PRKCG;GNB1;GRIA3;ADCY5;PRKCA;GNAI1;MAPK1;GNB5;GRIN2B;CALM3;GNAQ;GNB3;CAMK2B;PLCB1;GRIA2;MAPK3;ITPR1;GNG2;CAMK2A;GRIN2A;GNAO1;PRKACB;MTNR1A;PRKCB;ADCYAP1R1;PRKACA;CAMK2D;GNG7;GNB4;CAMK2G;KCNJ6,GNAS;GRIA1;GNB2;GNG4;RYR2;PRKCG;GNB1;GRIA3;ADCY5;PRKCA;GNAI1;MAPK1;GNB5;GRIN2B;CALM3;GNAQ;GNB3;CAMK2B;PLCB1;GRIA2;MAPK3;ITPR1;GNG2;CAMK2A;GRIN2A;GNAO1;PRKACB;MTNR1A;PRKCB;ADCYAP1R1;PRKACA;CAMK2D;GNG7;GNB4;CAMK2G;KCNJ6
Phospholipase D signaling pathway Homo sapiens hsa04072,0.18206780151166915,1.0929731969228595,0.30158730158730157,0.7203867311218537,144,32,TSC2;DGKB;GRM7;ARF1;HRAS;ARF6;RHEB;MRAS;GNAS;PTK2B;RALB;AGPAT1;CYTH1;ADCY5;PRKCA;KRAS;GNA13;MAPK1;MAP2K1;AKT3;GRB2;RHOA;PTPN11;PLCB1;MAPK3;AGPAT3;DNM3;DGKI;DNM1;GRM5;RALA;GRM2,TSC2;DGKB;GRM7;ARF1;HRAS;ARF6;RHEB;MRAS;GNAS;PTK2B;RALB;AGPAT1;CYTH1;ADCY5;PRKCA;KRAS;GNA13;MAPK1;MAP2K1;AKT3;GRB2;RHOA;PTPN11;PLCB1;MAPK3;AGPAT3;DNM3;DGKI;DNM1;GRM5
Insulin signaling pathway Homo sapiens hsa04910,0.17248088386299443,1.0961330614823455,0.35384615384615387,0.7337016953806027,139,35,CBLB;TSC2;CRK;PKLR;PPP1CC;PCK2;HRAS;PRKAR1A;ARAF;RHEB;CRKL;PRKAR2A;KRAS;HK1;PYGB;MAPK1;MAP2K1;AKT3;PRKAR2B;GRB2;PPP1CA;FASN;CALM3;RPS6;PYGM;PRKAA1;GSK3B;MAPK3;PRKACB;SORBS1;FLOT1;MAPK10;PRKACA;FLOT2;PPP1CB,CBLB;TSC2;CRK;PKLR;PPP1CC;PCK2;HRAS;PRKAR1A;ARAF;RHEB;CRKL;PRKAR2A;KRAS;HK1;PYGB;MAPK1;MAP2K1;AKT3;PRKAR2B;GRB2;PPP1CA;FASN;CALM3;RPS6;PYGM;PRKAA1;GSK3B;MAPK3
RNA transport Homo sapiens hsa03013,0.1971497807419974,1.075276530581191,0.3508771929824561,0.7365940619732918,172,25,EIF1;ALYREF;SEC13;DDX39B;FXR1;EIF2S1;XPO1;EIF3H;EIF4A2;RNPS1;STRAP;PABPC1;EIF4G1;EIF3A;EIF5;EIF4B;PRMT5;CYFIP1;EIF3I;EIF2S2;EEF1A1;SUMO3;EEF1A2;CYFIP2;KPNB1,EIF1;ALYREF;SEC13;DDX39B;FXR1;EIF2S1;XPO1;EIF3H;EIF4A2;RNPS1;STRAP;PABPC1;EIF4G1;EIF3A;EIF5;EIF4B;PRMT5
MAPK signaling pathway Homo sapiens hsa04010,0.15827469813234687,1.1695740198420201,0.2702702702702703,0.7413112061886857,255,41,TAOK1;CRK;PPM1B;GNG12;PPM1A;CACNA2D3;RAC3;HSPA2;HRAS;DUSP3;PPP3R1;MRAS;RAPGEF2;ARRB1;HSPA8;CRKL;PRKCG;PRKCA;KRAS;PAK1;MAPK1;MAP2K1;AKT3;PPP5C;CACNA2D1;GRB2;MAPK3;HSPA1A;MAP2K4;MAPT;PRKACB;PPP3CB;CDC42;PPP3CA;PRKCB;CACNA1A;MAPK10;PRKACA;NTRK2;CACNG8;STMN1,TAOK1;CRK;PPM1B;GNG12;PPM1A;CACNA2D3;RAC3;HSPA2;HRAS;DUSP3;PPP3R1;MRAS;RAPGEF2;ARRB1;HSPA8;CRKL;PRKCG;PRKCA;KRAS;PAK1;MAPK1;MAP2K1;AKT3;PPP5C;CACNA2D1
Viral carcinogenesis Homo sapiens hsa05203,0.1864747361233835,1.1008106556860113,0.35714285714285715,0.7459920087691382,205,28,SND1;ACTN2;PSMC1;ACTN4;HRAS;YWHAE;GSN;YWHAZ;ACTN1;YWHAG;YWHAQ;YWHAB;KRAS;MAPK1;YWHAH;HNRNPK;RANBP1;GRB2;RHOA;PKM;DDB1;DLG1;MAPK3;PRKACB;CDC42;ATP6V0D1;VDAC3;PRKACA,SND1;ACTN2;PSMC1;ACTN4;HRAS;YWHAE;GSN;YWHAZ;ACTN1;YWHAG;YWHAQ;YWHAB;KRAS;MAPK1;YWHAH;HNRNPK;RANBP1;GRB2;RHOA;PKM;DDB1;DLG1;MAPK3
Focal adhesion Homo sapiens hsa04510,0.17468148761031374,1.131614170903895,0.29850746268656714,0.7466199922209257,202,35,COL1A2;LAMC1;CRK;PPP1CC;RAC3;ACTN2;COL4A2;ACTN4;HRAS;ACTG1;CRKL;PRKCG;ACTN1;PRKCA;PAK1;MAPK1;MAP2K1;AKT3;GRB2;PPP1CA;RHOA;TLN2;VCL;CTNNB1;GSK3B;MAPK3;ROCK2;CDC42;PRKCB;MYL12A;MAPK10;PTK2;TNR;TLN1;PPP1CB,COL1A2;LAMC1;CRK;PPP1CC;RAC3;ACTN2;COL4A2;ACTN4
Metabolic pathways Homo sapiens hsa01100,0.08846080679640067,1.1081758450858863,0.3020833333333333,0.7504156942823803,1239,267,PAFAH1B2;CDIPT;NFS1;GALNT16;ACAA2;ALDH1B1;LAP3;ACSL3;PPT1;PCCA;AK4;ALG2;ACADL;SUCLG2;GRHPR;OGDH;DGKB;ACY1;ME1;PKLR;ATP6V1F;GCSH;CRYL1;RPN2;ASAH1;NDUFB7;NAGK;CS;IMPDH2;PCCB;COMT;NDUFA5;AK5;ADSS;COQ3;TALDO1;NDUFS5;NT5C;PCK2;EPHX2;NDUFS6;INPP5J;NNT;ACOX1;IDH3G;AKR1A1;PTGDS;GANAB;MAOB;TKT;MTHFD1;PFKP;PGAM2;LTA4H;RFK;COX5A;MDH2;HMGCS1;COX6C;NDUFB9;ALDH2;IDH2;NDUFS8;PLCH2;UQCRQ;NME2;SMS;ATP5B;NDUFS1;BPNT1;NDUFA13;NDUFA9;NDUFA3;NDUFB4;DLD;NDUFB10;PDHA1;NDUFB6;CBR3;NDUFA12;PDHX;ATP5A1;NDUFS2;GLS;GPI;AHCYL1;ENO1;ATP5H;QDPR;GDA;AHCY;UQCRC1;ATP6V1A;ATIC;AGL;AGPAT1;NDUFB11;HSD17B10;GMPPB;GAA;SDHB;ADSSL1;TPI1;COX7B;ALDOA;NDUFB8;CNDP2;IMPA1;DLST;HIBCH;CKMT1B;IVD;COX5B;ALDH9A1;UQCRC2;PCYT2;ALDOC;HIBADH;ALDH6A1;ATP6V1G2;AHCYL2;MPST;PGLS;HK1;GLUD1;GOT2;ACO2;PYGB;FDPS;IDH1;OGDHL;BDH1;NDUFA10;ATP6V1H;ENO2;MAOA;NDUFV3;PDHB;MCCC1;ATP5D;NDUFA7;SDHA;FECH;FH;PGM1;UQCRFS1;PRPS1L1;ATP5I;OAT;PGK1;LDHA;NDUFV1;NDUFS4;ATP6V1B2;COX6B1;FASN;SUCLA2;HPRT1;IDH3A;CKB;NDUFB1;HADHA;ABAT;UQCR10;PGD;SYNJ1;DLAT;PKM;GLUL;PHGDH;IDH3B;ACSBG1;NDUFS3;PYGM;PAFAH1B1;ADH5;GAD1;MGLL;PLCB1;PGM3;GOT1;SPR;NME1;GAD2;COX4I1;AK1;OCRL;AUH;ME3;AGPAT3;MTMR1;RPN1;COX6A1;ATP5J;NDUFA6;ACLY;NDUFV2;ATP6V1D;ATP6V0A1;ATP5O;NDUFB5;PTGES;UQCRH;GMPS;SPTLC1;INPP4B;DGKI;UQCRB;ATP6V0D1;ITPA;PAICS;GGT7;ATP5E;HADHB;HADH;NDUFB3;ALDH5A1;ACSL6;HSD17B4;PI4KA;INPP1;ATP6V1E1;PDXP;ATP5C1;MDH1;GUK1;PDXK;ATP6V1C1;CMPK1;ADK;NDUFC2;MAT2A;LDHB;PSAT1;CYC1;PGP;COX6A2;PISD;ECHS1;ACAT1;BCAT1;COX7C;MTHFD1L;PFKM;PGAM1;ADO;NDUFA4;NDUFA2;NT5C2;CBR1;ACSL4;NDUFS7;ATP5F1;GK;TST;AMPD2;AGK;DDOST;ITPKA;UGP2;PRDX6;ADSL;NDUFA8;PNP;MAN2A1;CYCS;ATP6V0C,PAFAH1B2;CDIPT;NFS1;GALNT16;ACAA2;ALDH1B1;LAP3;ACSL3;PPT1;PCCA;AK4;ALG2;ACADL;SUCLG2;GRHPR;OGDH;DGKB;ACY1;ME1;PKLR;ATP6V1F;GCSH;CRYL1;RPN2;ASAH1;NDUFB7;NAGK;CS;IMPDH2;PCCB;COMT;NDUFA5;AK5;ADSS;COQ3;TALDO1;NDUFS5;NT5C;PCK2;EPHX2;NDUFS6;INPP5J;NNT;ACOX1;IDH3G;AKR1A1;PTGDS;GANAB;MAOB;TKT;MTHFD1;PFKP;PGAM2;LTA4H;RFK;COX5A;MDH2;HMGCS1;COX6C;NDUFB9;ALDH2;IDH2;NDUFS8;PLCH2;UQCRQ;NME2;SMS;ATP5B;NDUFS1;BPNT1;NDUFA13;NDUFA9;NDUFA3;NDUFB4;DLD;NDUFB10;PDHA1;NDUFB6;CBR3;NDUFA12;PDHX;ATP5A1;NDUFS2;GLS;GPI;AHCYL1;ENO1;ATP5H;QDPR;GDA;AHCY;UQCRC1;ATP6V1A;ATIC;AGL;AGPAT1;NDUFB11;HSD17B10;GMPPB;GAA;SDHB;ADSSL1;TPI1;COX7B;ALDOA;NDUFB8;CNDP2;IMPA1;DLST;HIBCH;CKMT1B;IVD;COX5B;ALDH9A1;UQCRC2;PCYT2;ALDOC;HIBADH;ALDH6A1;ATP6V1G2;AHCYL2;MPST;PGLS;HK1;GLUD1;GOT2;ACO2;PYGB;FDPS;IDH1;OGDHL;BDH1
Biosynthesis of amino acids Homo sapiens hsa01230,0.22089930794440646,1.399535970774759,0.08,0.7504402248859658,74,30,ACY1;PKLR;CS;TALDO1;IDH3G;TKT;PFKP;PGAM2;IDH2;ENO1;TPI1;ALDOA;ALDOC;GOT2;ACO2;IDH1;ENO2;PRPS1L1;PGK1;IDH3A;PKM;GLUL;PHGDH;IDH3B;GOT1;MAT2A;PSAT1;BCAT1;PFKM;PGAM1,ACY1;PKLR;CS;TALDO1;IDH3G;TKT;PFKP;PGAM2;IDH2;ENO1;TPI1;ALDOA;ALDOC;GOT2;ACO2;IDH1;ENO2;PRPS1L1;PGK1;IDH3A;PKM;GLUL;PHGDH;IDH3B;GOT1
Natural killer cell mediated cytotoxicity Homo sapiens hsa04650,0.23266393807322025,1.1391387784509115,0.2714285714285714,0.7550959642699071,135,18,GZMB;RAC3;HRAS;ARAF;PPP3R1;PTK2B;PRKCG;PRKCA;KRAS;PAK1;MAPK1;MAP2K1;GRB2;PTPN11;MAPK3;PPP3CB;PPP3CA;PRKCB,GZMB;RAC3;HRAS;ARAF;PPP3R1;PTK2B;PRKCG;PRKCA;KRAS;PAK1;MAPK1;MAP2K1
Gap junction Homo sapiens hsa04540,0.19147940157554963,1.2000856885861033,0.2054794520547945,0.7555425904317385,88,29,TUBA8;GNAI2;TUBA1A;TUBB4B;GJA1;TUBB2A;HRAS;TUBB4A;TUBA1B;GNAS;PRKCG;TUBA4A;ADCY5;PRKCA;KRAS;GNAI1;MAPK1;MAP2K1;GRB2;GNAQ;PLCB1;MAPK3;ITPR1;PRKACB;GRM5;PRKCB;CSNK1D;PRKACA;GNA11,TUBA8;GNAI2;TUBA1A;TUBB4B;GJA1;TUBB2A;HRAS;TUBB4A;TUBA1B;GNAS;PRKCG;TUBA4A;ADCY5;PRKCA;KRAS;GNAI1;MAPK1;MAP2K1
Glycolysis / Gluconeogenesis Homo sapiens hsa00010,0.2869097497465868,1.5634920950720308,0.030303030303030304,0.7564060676779463,67,27,ALDH1B1;PKLR;PCK2;AKR1A1;PFKP;PGAM2;ALDH2;DLD;PDHA1;GPI;ENO1;TPI1;ALDOA;ALDH9A1;ALDOC;HK1;ENO2;PDHB;PGM1;PGK1;LDHA;DLAT;PKM;ADH5;LDHB;PFKM;PGAM1,ALDH1B1;PKLR;PCK2;AKR1A1;PFKP;PGAM2;ALDH2;DLD;PDHA1;GPI;ENO1;TPI1;ALDOA;ALDH9A1;ALDOC;HK1;ENO2;PDHB;PGM1;PGK1;LDHA;DLAT;PKM;ADH5
Rap1 signaling pathway Homo sapiens hsa04015,0.19230952268112678,1.1741212438127202,0.23809523809523808,0.758199443496993,211,40,CRK;GNAI2;PFN1;RAC3;CTNND1;GRIN1;HRAS;MRAS;MLLT4;GNAS;RAPGEF2;RGS14;ACTG1;CRKL;RALB;PRKCG;ADCY5;PRKCA;KRAS;GNAI1;MAPK1;MAP2K1;AKT3;CNR1;RHOA;GRIN2B;PFN2;TLN2;CALM3;GNAQ;PLCB1;CTNNB1;MAPK3;RAP1GAP;GRIN2A;GNAO1;CDC42;PRKCB;RALA;TLN1,CRK;GNAI2;PFN1;RAC3;CTNND1;GRIN1;HRAS;MRAS;MLLT4;GNAS;RAPGEF2;RGS14;ACTG1;CRKL;RALB;PRKCG;ADCY5;PRKCA;KRAS;GNAI1;MAPK1;MAP2K1;AKT3;CNR1;RHOA;GRIN2B;PFN2;TLN2;CALM3;GNAQ;PLCB1;CTNNB1;MAPK3;RAP1GAP
Long-term depression Homo sapiens hsa04730,0.2062420033725938,1.148483442384625,0.20833333333333334,0.7607851308551425,60,26,GNAI2;HRAS;ARAF;GNAS;GRIA1;PPP2CA;PRKCG;GRIA3;PRKCA;KRAS;GNAI1;GNA13;MAPK1;MAP2K1;GNAZ;PPP2CB;PPP2R1A;GNAQ;PLCB1;GRIA2;MAPK3;ITPR1;GNAO1;PRKCB;CACNA1A;GNA11,GNAI2;HRAS;ARAF;GNAS;GRIA1;PPP2CA;PRKCG;GRIA3;PRKCA;KRAS;GNAI1;GNA13;MAPK1;MAP2K1;GNAZ;PPP2CB;PPP2R1A;GNAQ;PLCB1;GRIA2;MAPK3;ITPR1
Leukocyte transendothelial migration Homo sapiens hsa04670,0.22765194937579633,1.1831302774725498,0.2328767123287671,0.7643500583430572,118,25,VCAM1;CLDN11;MSN;GNAI2;ACTN2;ACTN4;CTNND1;EZR;MLLT4;ACTG1;PTK2B;PRKCG;ACTN1;PRKCA;GNAI1;RHOA;VCL;PTPN11;CTNNB1;ROCK2;CDC42;PRKCB;MYL12A;CTNNA2;PTK2,VCAM1;CLDN11;MSN;GNAI2;ACTN2;ACTN4;CTNND1;EZR;MLLT4;ACTG1;PTK2B;PRKCG;ACTN1
Sphingolipid signaling pathway Homo sapiens hsa04071,0.1865691860159823,1.110470403714058,0.3064516129032258,0.7679376670305267,120,28,GNAI2;RAC3;ASAH1;HRAS;PPP2R2A;PPP2CA;PRKCG;PPP2R5D;CTSD;PRKCA;KRAS;GNAI1;GNA13;MAPK1;MAP2K1;AKT3;PPP2CB;RHOA;PPP2R1A;GNAQ;PLCB1;MAPK3;PPP2R5E;ROCK2;SPTLC1;PRKCE;PRKCB;MAPK10,GNAI2;RAC3;ASAH1;HRAS;PPP2R2A;PPP2CA;PRKCG;PPP2R5D;CTSD;PRKCA;KRAS;GNAI1;GNA13;MAPK1;MAP2K1;AKT3;PPP2CB;RHOA;PPP2R1A;GNAQ;PLCB1;MAPK3;PPP2R5E;ROCK2;SPTLC1;PRKCE;PRKCB
Arrhythmogenic right ventricular cardiomyopathy (ARVC) Homo sapiens hsa05412,0.2682969934088803,1.202600807891221,0.296875,0.7835117447110751,74,15,CACNA2D3;ACTN2;ACTN4;GJA1;ACTG1;RYR2;ACTN1;SLC8A1;LMNA;CACNA2D1;ATP2A2;CTNNB1;CDH2;CTNNA2;CACNG8,CACNA2D3;ACTN2;ACTN4;GJA1;ACTG1;RYR2;ACTN1;SLC8A1;LMNA
Phagosome Homo sapiens hsa04145,0.20163713137710668,1.2944297559676399,0.15714285714285714,0.7943990665110852,154,35,TUBA8;M6PR;RAB7A;STX7;ATP6V1F;TUBA1A;TUBB4B;VAMP3;TUBB2A;DYNC1LI1;TUBB4A;TUBA1B;DYNC1I1;ACTG1;ATP6V1A;TUBA4A;ATP6V1G2;EEA1;ATP6V1H;ATP6V1B2;CORO1A;DYNC1H1;CANX;ATP6V1D;ATP6V0A1;ATP6V0D1;HGS;ATP6V1E1;ATP6V1C1;SEC22B;RAB5B;CALR;DYNC1LI2;STX12;ATP6V0C,TUBA8;M6PR;RAB7A;STX7;ATP6V1F;TUBA1A;TUBB4B;VAMP3;TUBB2A;DYNC1LI1;TUBB4A;TUBA1B
Central carbon metabolism in cancer Homo sapiens hsa05230,0.2621455735208488,1.279019375802452,0.19402985074626866,0.7949069943029721,67,18,HRAS;PFKP;PGAM2;PDHA1;GLS;SLC2A1;KRAS;HK1;IDH1;MAPK1;MAP2K1;AKT3;PDHB;LDHA;PKM;MAPK3;PFKM;PGAM1,HRAS;PFKP;PGAM2;PDHA1;GLS;SLC2A1;KRAS;HK1;IDH1;MAPK1;MAP2K1;AKT3;PDHB;LDHA
Tight junction Homo sapiens hsa04530,0.1941716033044035,1.4024994530381267,0.11594202898550725,0.8116686114352392,139,43,MYH11;CLDN11;CASK;GNAI2;ACTN2;ACTN4;MYH14;HRAS;PPP2R2A;SHROOM2;MRAS;MLLT4;PPP2CA;ACTG1;EPB41L1;PRKCG;ACTN1;MYH9;PRKCA;KRAS;GNAI1;CTTN;AKT3;CSNK2B;PPP2CB;SPTAN1;RAB3B;CSNK2A2;RHOA;CGN;PPP2R1A;VAPA;CSNK2A1;CTNNB1;MYH10;EPB41L3;EPB41L2;CDC42;PRKCE;PRKCB;MYL12A;CTNNA2;MYH6,MYH11;CLDN11;CASK;GNAI2;ACTN2;ACTN4;MYH14;HRAS;PPP2R2A;SHROOM2;MRAS;MLLT4;PPP2CA;ACTG1;EPB41L1;PRKCG;ACTN1;MYH9;PRKCA;KRAS;GNAI1;CTTN;AKT3;CSNK2B;PPP2CB;SPTAN1;RAB3B;CSNK2A2;RHOA;CGN;PPP2R1A;VAPA
Renal cell carcinoma Homo sapiens hsa05211,0.25334470064910586,1.2040803290633184,0.25,0.8159859976662777,66,19,CRK;RBX1;HRAS;ARAF;TCEB1;CRKL;SLC2A1;KRAS;PAK1;MAPK1;MAP2K1;AKT3;FH;GRB2;TCEB2;PTPN11;MAPK3;CUL2;CDC42,CRK;RBX1;HRAS;ARAF;TCEB1;CRKL;SLC2A1;KRAS;PAK1;MAPK1;MAP2K1;AKT3;FH;GRB2;TCEB2;PTPN11;MAPK3
Hippo signaling pathway Homo sapiens hsa04390,0.190657094277796,1.0109807520608407,0.4126984126984127,0.8189749573646891,153,22,PPP1CC;YWHAE;PPP2R2A;YWHAZ;PPP2CA;ACTG1;YWHAG;YWHAQ;YWHAB;DLG3;YWHAH;PPP2CB;PPP1CA;PPP2R1A;DLG2;DLG1;CTNNB1;GSK3B;DLG4;CSNK1D;CTNNA2;PPP1CB,PPP1CC;YWHAE;PPP2R2A;YWHAZ;PPP2CA;ACTG1;YWHAG;YWHAQ;YWHAB;DLG3;YWHAH;PPP2CB;PPP1CA;PPP2R1A;DLG2;DLG1;CTNNB1;GSK3B
T cell receptor signaling pathway Homo sapiens hsa04660,0.23156182212581577,1.015772739674639,0.463768115942029,0.8305287723392496,104,16,CBLB;HRAS;PPP3R1;KRAS;PAK1;MAPK1;MAP2K1;AKT3;GRB2;RHOA;DLG1;GSK3B;MAPK3;PPP3CB;CDC42;PPP3CA,CBLB;HRAS;PPP3R1;KRAS;PAK1;MAPK1;MAP2K1;AKT3;GRB2;RHOA;DLG1;GSK3B;MAPK3;PPP3CB;CDC42;PPP3CA
Oocyte meiosis Homo sapiens hsa04114,-0.11727595461030071,-0.8229221686506141,0.7083333333333334,0.8339331152308251,123,32,RBX1;PPP1CC;YWHAE;PPP3R1;YWHAZ;PPP2CA;CCNB1;YWHAG;PPP2R5D;YWHAQ;YWHAB;ADCY5;MAPK1;MAP2K1;YWHAH;PPP2CB;PPP1CA;PPP2R1A;CALM3;CAMK2B;MAPK3;ITPR1;CAMK2A;PPP2R5E;PRKACB;PPP3CB;PPP3CA;SKP1;PRKACA;CAMK2D;CAMK2G;PPP1CB,PPP2CA;CCNB1;YWHAG;PPP2R5D;YWHAQ;YWHAB;ADCY5;MAPK1;MAP2K1;YWHAH;PPP2CB;PPP1CA;PPP2R1A;CALM3;CAMK2B;MAPK3;ITPR1;CAMK2A;PPP2R5E;PRKACB;PPP3CB;PPP3CA;SKP1;PRKACA;CAMK2D;CAMK2G;PPP1CB
Spliceosome Homo sapiens hsa03040,0.20887194417380803,1.3331725137917265,0.17391304347826086,0.8362445022888428,134,32,SNRPG;SNRPD2;SRSF7;SRSF3;HSPA2;ALYREF;DDX39B;SNRNP200;HNRNPM;DHX15;SNRPD1;HNRNPA3;HNRNPA1;HSPA8;PPIL1;SRSF1;PCBP1;SRSF2;PRPF19;DDX5;BCAS2;HNRNPK;SRSF5;U2AF2;LSM4;HSPA1A;HNRNPU;PUF60;NHP2L1;SNRNP70;SRSF10;SNRPA,SNRPG;SNRPD2;SRSF7;SRSF3;HSPA2;ALYREF;DDX39B;SNRNP200;HNRNPM;DHX15;SNRPD1;HNRNPA3;HNRNPA1;HSPA8;PPIL1;SRSF1;PCBP1;SRSF2;PRPF19;DDX5;BCAS2;HNRNPK
Endocytosis Homo sapiens hsa04144,0.13487444289395314,1.2074238608713719,0.28205128205128205,0.840040006667778,259,85,ARPC2;CBLB;RAB7A;SH3KBP1;EHD1;KIF5B;SNX3;EPS15L1;VTA1;IL2RB;ARF1;HSPA2;SNX1;EPN2;HRAS;SNX6;ADRBK2;ARF6;WASL;ARFGAP1;ARFGEF2;SH3GL3;ARPC4;VPS29;RAB11B;ARRB1;CAPZA2;HSPA8;PDCD6IP;NEDD4L;CHMP5;SH3GLB2;EPN1;CAPZA1;CYTH1;ARPC1A;ARPC3;AP2S1;VPS37C;RAB11FIP2;BIN1;SH3GL1;VPS26B;EEA1;CHMP4B;RAB10;AP2B1;IQSEC1;ARF5;EHD3;RHOA;CLTA;RABEP1;SH3GL2;AGAP2;ADRBK1;AMPH;GIT1;AP2A2;CAPZB;CLTC;SNX12;AP2M1;RAB4A;HSPA1A;RAB35;KIF5C;AGAP3;CLTB;DNM3;DNAJC6;DNM1;CDC42;AP2A1;HGS;RAB11FIP5;PSD3;ARPC5L;RAB5B;SH3GLB1;WIPF3;IQSEC2;ARPC5;VPS35;PSD,ARPC2;CBLB;RAB7A;SH3KBP1;EHD1;KIF5B;SNX3;EPS15L1;VTA1;IL2RB;ARF1;HSPA2;SNX1;EPN2;HRAS;SNX6;ADRBK2;ARF6;WASL;ARFGAP1;ARFGEF2;SH3GL3;ARPC4;VPS29;RAB11B;ARRB1;CAPZA2;HSPA8;PDCD6IP;NEDD4L;CHMP5;SH3GLB2;EPN1;CAPZA1;CYTH1;ARPC1A;ARPC3;AP2S1;VPS37C;RAB11FIP2;BIN1;SH3GL1;VPS26B;EEA1;CHMP4B;RAB10;AP2B1;IQSEC1;ARF5;EHD3;RHOA;CLTA;RABEP1;SH3GL2;AGAP2;ADRBK1;AMPH;GIT1;AP2A2;CAPZB;CLTC;SNX12;AP2M1;RAB4A;HSPA1A
Choline metabolism in cancer Homo sapiens hsa05231,0.24448775528579592,1.296224696917599,0.16417910447761194,0.8416024893037728,101,20,TSC2;DGKB;RAC3;HRAS;WASL;SLC44A1;RHEB;PRKCG;PRKCA;KRAS;MAPK1;MAP2K1;AKT3;WASF1;GRB2;MAPK3;DGKI;PRKCB;WASF3;MAPK10,TSC2;DGKB;RAC3;HRAS;WASL;SLC44A1;RHEB;PRKCG;PRKCA;KRAS;MAPK1;MAP2K1;AKT3;WASF1;GRB2
FoxO signaling pathway Homo sapiens hsa04068,0.16932238769936198,0.8586301447229574,0.6190476190476191,0.8433817757505039,133,20,HOMER3;SETD7;PCK2;HRAS;ARAF;PRMT1;CCNB1;KRAS;MAPK1;MAP2K1;AKT3;GRB2;SOD2;AGAP2;PRKAA1;MAPK3;HOMER2;MAPK10;ATM;HOMER1,HOMER3;SETD7;PCK2;HRAS;ARAF;PRMT1;CCNB1;KRAS;MAPK1;MAP2K1;AKT3;GRB2;SOD2;AGAP2;PRKAA1;MAPK3
Serotonergic synapse Homo sapiens hsa04726,0.15384783877065114,0.9708819873314235,0.4864864864864865,0.8437406234372395,112,35,GNG12;GNAI2;GNG3;GNG5;HRAS;MAOB;ARAF;GNAS;APP;GNB2;GNG4;PRKCG;GNB1;ADCY5;PRKCA;KRAS;GNAI1;MAPK1;MAP2K1;GNB5;MAOA;GNAQ;GNB3;PLCB1;MAPK3;ITPR1;GNG2;GNAO1;PRKACB;PRKCB;CACNA1A;PRKACA;GNG7;GNB4;KCNJ6,GNG12;GNAI2;GNG3;GNG5;HRAS;MAOB;ARAF;GNAS;APP;GNB2;GNG4;PRKCG;GNB1;ADCY5;PRKCA;KRAS;GNAI1;MAPK1;MAP2K1;GNB5;MAOA
Fc gamma R-mediated phagocytosis Homo sapiens hsa04666,0.14948459720619567,0.8659036650422279,0.5443037974683544,0.8449284757336099,93,28,ARPC2;CRK;GSN;ARF6;WASL;ARPC4;CRKL;PRKCG;ARPC1A;ARPC3;PRKCA;BIN1;PAK1;MAPK1;MAP2K1;AKT3;WASF1;CFL1;AMPH;CFL2;MAPK3;MARCKSL1;CDC42;PRKCE;PRKCB;WASF3;ARPC5L;ARPC5,ARPC2;CRK;GSN;ARF6;WASL;ARPC4;CRKL;PRKCG;ARPC1A;ARPC3;PRKCA;BIN1;PAK1;MAPK1;MAP2K1;AKT3;WASF1;CFL1;AMPH;CFL2;MAPK3;MARCKSL1
Hepatitis C Homo sapiens hsa05160,0.25363161055298533,1.232550906019221,0.2413793103448276,0.8475710864091384,133,18,CLDN11;EIF2AK4;HRAS;PPP2R2A;ARAF;EIF2S1;PPP2CA;CD81;KRAS;MAPK1;AKT3;PPP2CB;GRB2;PPP2R1A;GSK3B;MAPK3;MAPK10;PIAS1,CLDN11;EIF2AK4;HRAS;PPP2R2A;ARAF;EIF2S1;PPP2CA;CD81;KRAS;MAPK1;AKT3;PPP2CB;GRB2;PPP2R1A;GSK3B;MAPK3
GABAergic synapse Homo sapiens hsa04727,-0.10217930741329641,-0.7907615383025334,0.8076923076923077,0.8491151977793199,88,38,GPHN;GNG12;GABRA2;GNAI2;GNG3;GNG5;GABBR1;GNB2;GLS;GNG4;PRKCG;SLC12A5;GNB1;ADCY5;PRKCA;GNAI1;GNB5;ABAT;GLUL;GNB3;NSF;GAD1;GAD2;GNG2;GNAO1;PRKACB;SLC32A1;PRKCB;GABRA1;SLC6A11;SLC6A1;CACNA1A;PRKACA;GNG7;GABBR2;GNB4;GABRG1;KCNJ6,ABAT;GLUL;GNB3;NSF;GAD1;GAD2;GNG2;GNAO1;PRKACB;SLC32A1;PRKCB;GABRA1;SLC6A11;SLC6A1;CACNA1A;PRKACA;GNG7;GABBR2;GNB4;GABRG1;KCNJ6
Lysosome Homo sapiens hsa04142,0.20937188299421378,1.0171319210469343,0.46875,0.849708284714119,123,23,M6PR;GM2A;PPT1;AP1S2;ASAH1;PSAP;AP3S1;GAA;AP3D1;AP3S2;CTSD;ATP6V1H;CLTA;SCARB2;CLTC;AP3B2;AP1G1;CTSB;ATP6V0A1;CLTB;SORT1;ATP6V0D1;ATP6V0C,M6PR;GM2A;PPT1;AP1S2;ASAH1;PSAP;AP3S1;GAA;AP3D1;AP3S2;CTSD;ATP6V1H;CLTA;SCARB2;CLTC;AP3B2;AP1G1;CTSB;ATP6V0A1;CLTB;SORT1;ATP6V0D1
Regulation of actin cytoskeleton Homo sapiens hsa04810,0.15914463498947048,1.2450313131368644,0.22666666666666666,0.8548424737456242,214,57,ARPC2;MSN;CRK;GNG12;IQGAP2;PPP1CC;ABI2;PFN1;RAC3;ACTN2;ACTN4;MYH14;HRAS;GSN;WASL;ARAF;EZR;MRAS;ARPC4;RDX;ACTG1;CRKL;ACTN1;ARPC1A;ARPC3;MYH9;KRAS;GNA13;PAK1;MAPK1;MAP2K1;NCKAP1;WASF1;PPP1CA;RHOA;PFN2;CYFIP1;CFL1;VCL;GIT1;CFL2;MAPK3;TMSB4X;MYH10;PIP4K2C;PIP4K2B;BAIAP2;ARHGEF7;ROCK2;CDC42;PIP4K2A;MYL12A;ARPC5L;CYFIP2;PTK2;ARPC5;PPP1CB,ARPC2;MSN;CRK;GNG12;IQGAP2;PPP1CC;ABI2;PFN1;RAC3;ACTN2;ACTN4;MYH14;HRAS;GSN;WASL;ARAF;EZR;MRAS;ARPC4;RDX;ACTG1;CRKL;ACTN1;ARPC1A;ARPC3;MYH9;KRAS;GNA13;PAK1;MAPK1;MAP2K1;NCKAP1;WASF1;PPP1CA;RHOA;PFN2;CYFIP1;CFL1;VCL;GIT1;CFL2;MAPK3;TMSB4X;MYH10;PIP4K2C;PIP4K2B;BAIAP2
PI3K-Akt signaling pathway Homo sapiens hsa04151,0.2313270149265213,1.7225978289033332,0.0821917808219178,0.8548424737456243,341,49,COL1A2;TSC2;LAMC1;GNG12;COL4A2;IL2RB;GNG3;PCK2;GNG5;HRAS;YWHAE;PPP2R2A;RHEB;YWHAZ;GNB2;PPP2CA;HSP90AA1;GNG4;CDC37;YWHAG;PPP2R5D;YWHAQ;GNB1;YWHAB;PRKCA;KRAS;MAPK1;MAP2K1;GNB5;AKT3;YWHAH;EIF4B;PPP2CB;GRB2;PPP2R1A;HSP90B1;THEM4;GNB3;RPS6;PRKAA1;GSK3B;MAPK3;GNG2;PPP2R5E;HSP90AB1;PTK2;TNR;GNG7;GNB4,COL1A2;TSC2;LAMC1;GNG12;COL4A2;IL2RB;GNG3;PCK2;GNG5;HRAS;YWHAE;PPP2R2A;RHEB;YWHAZ;GNB2;PPP2CA;HSP90AA1;GNG4;CDC37;YWHAG;PPP2R5D;YWHAQ;GNB1;YWHAB;PRKCA;KRAS;MAPK1;MAP2K1;GNB5;AKT3;YWHAH;EIF4B;PPP2CB;GRB2;PPP2R1A;HSP90B1;THEM4;GNB3;RPS6;PRKAA1;GSK3B;MAPK3
Herpes simplex infection Homo sapiens hsa05168,0.1757569563395586,0.8676936209461372,0.6271186440677966,0.8574491975077607,185,21,SRSF7;SRSF3;PPP1CC;EIF2AK4;ALYREF;EEF1D;EIF2S1;SRSF1;SRSF2;HNRNPK;CSNK2B;CSNK2A2;PPP1CA;SRSF5;PTPN11;CSNK2A1;C1QBP;MAPK10;SKP1;PPP1CB;CYCS,SRSF7;SRSF3;PPP1CC;EIF2AK4;ALYREF;EEF1D;EIF2S1;SRSF1;SRSF2;HNRNPK;CSNK2B;CSNK2A2;PPP1CA;SRSF5;PTPN11;CSNK2A1
MicroRNAs in cancer Homo sapiens hsa05206,0.22679849670826838,1.2126069656962397,0.1917808219178082,0.8587281213535588,297,22,CRK;VIM;HRAS;EZR;RDX;GLS;CRKL;PRKCG;PRKCA;KRAS;MAPK1;MAP2K1;HNRNPK;FSCN1;GRB2;RHOA;TPM1;PRKCE;PRKCB;ATM;TNR;STMN1,CRK;VIM;HRAS;EZR;RDX;GLS;CRKL;PRKCG;PRKCA;KRAS;MAPK1;MAP2K1;HNRNPK;FSCN1;GRB2;RHOA;TPM1
Ras signaling pathway Homo sapiens hsa04014,0.12492530081504626,0.8318353093318552,0.6075949367088608,0.8618108866097566,227,42,GNG12;RAC3;GRIN1;GNG3;GNG5;HRAS;ARF6;KSR1;MRAS;MLLT4;GNB2;GNG4;RALB;PRKCG;GNB1;PRKCA;SYNGAP1;KRAS;PAK1;MAPK1;MAP2K1;GNB5;AKT3;RASAL1;GRB2;RHOA;GRIN2B;CALM3;GNB3;PTPN11;MAPK3;GNG2;GRIN2A;PRKACB;CDC42;PRKCB;RALA;MAPK10;RAB5B;PRKACA;GNG7;GNB4,GNG12;RAC3;GRIN1;GNG3;GNG5;HRAS;ARF6;KSR1;MRAS;MLLT4;GNB2;GNG4;RALB;PRKCG;GNB1;PRKCA;SYNGAP1;KRAS;PAK1;MAPK1;MAP2K1;GNB5;AKT3;RASAL1;GRB2;RHOA;GRIN2B;CALM3;GNB3;PTPN11
Progesterone-mediated oocyte maturation Homo sapiens hsa04914,0.2112672124982566,0.9710672739200074,0.5,0.8641090588268776,98,15,GNAI2;ARAF;HSP90AA1;CCNB1;ADCY5;KRAS;GNAI1;MAPK1;MAP2K1;AKT3;MAPK3;PRKACB;HSP90AB1;MAPK10;PRKACA,GNAI2;ARAF;HSP90AA1;CCNB1;ADCY5;KRAS;GNAI1;MAPK1;MAP2K1;AKT3
"Valine, leucine and isoleucine degradation Homo sapiens hsa00280",0.1756816983543623,0.8727022218939736,0.5373134328358209,0.8641414594740148,48,23,ACAA2;ALDH1B1;PCCA;PCCB;HMGCS1;ALDH2;DLD;HSD17B10;HIBCH;IVD;ALDH9A1;HIBADH;ALDH6A1;MCCC1;HADHA;ABAT;AUH;OXCT1;HADHB;HADH;ECHS1;ACAT1;BCAT1,ACAA2;ALDH1B1;PCCA;PCCB;HMGCS1;ALDH2;DLD;HSD17B10;HIBCH;IVD;ALDH9A1;HIBADH;ALDH6A1
Amyotrophic lateral sclerosis (ALS) Homo sapiens hsa05014,-0.16693531529493957,-0.792072433218977,0.6842105263157895,0.866447718799929,51,15,GRIN1;PPP3R1;GRIA1;NEFL;NEFH;NEFM;GRIN2B;GRIA2;GRIN2A;PPP3CB;PPP3CA;GPX1;SOD1;SLC1A2;CYCS,NEFM;GRIN2B;GRIA2;GRIN2A;PPP3CB;PPP3CA;GPX1;SOD1;SLC1A2;CYCS
Pathways in cancer Homo sapiens hsa05200,0.11130920946751702,0.9069244208034913,0.589041095890411,0.86725495915986,397,64,CBLB;LAMC1;CRK;RAD51;GNG12;GNAI2;RBX1;RAC3;COL4A2;CCDC6;GNG3;GNG5;HRAS;ARAF;GNAS;GNB2;TCEB1;HSP90AA1;GNG4;CRKL;RALB;CTBP1;PRKCG;SLC2A1;GNB1;ADCY5;PRKCA;KRAS;GNAI1;GNA13;MAPK1;MAP2K1;GNB5;AKT3;FH;TPM3;GRB2;RHOA;TCEB2;HSP90B1;GNAQ;GNB3;GSTP1;PLCB1;CTNNB1;GSK3B;MAPK3;GNG2;CUL2;PRKACB;ROCK2;CDC42;HSP90AB1;PRKCB;CTNNA2;RALA;MAPK10;PRKACA;APPL1;PTK2;GNG7;GNA11;GNB4;CYCS,CBLB;LAMC1;CRK;RAD51;GNG12;GNAI2;RBX1;RAC3;COL4A2;CCDC6;GNG3;GNG5;HRAS;ARAF;GNAS;GNB2;TCEB1;HSP90AA1;GNG4;CRKL;RALB;CTBP1;PRKCG;SLC2A1;GNB1;ADCY5;PRKCA;KRAS;GNAI1;GNA13;MAPK1;MAP2K1;GNB5;AKT3;FH;TPM3;GRB2;RHOA;TCEB2;HSP90B1;GNAQ;GNB3;GSTP1;PLCB1;CTNNB1;GSK3B;MAPK3
Pancreatic secretion Homo sapiens hsa04972,0.14923747276688887,0.8089286174232548,0.8208955223880597,0.8696240333840952,96,24,KCNMA1;SLC12A2;SLC4A4;GNAS;CA2;RYR2;PRKCG;ADCY5;PRKCA;ATP2B2;ATP2B3;ATP2A2;ATP1A1;RHOA;GNAQ;PLCB1;ATP1A3;ITPR1;ATP2B1;ATP2B4;PRKCB;ATP1B2;ATP1B1;ATP1A2,KCNMA1;SLC12A2;SLC4A4;GNAS;CA2;RYR2;PRKCG;ADCY5;PRKCA;ATP2B2;ATP2B3;ATP2A2;ATP1A1;RHOA;GNAQ;PLCB1;ATP1A3;ITPR1;ATP2B1;ATP2B4;PRKCB;ATP1B2;ATP1B1;ATP1A2
Peroxisome Homo sapiens hsa04146,-0.14960051367424435,-0.7332716265798185,0.8,0.8708174300254453,83,15,ACSL3;EPHX2;ACOX1;IDH2;ECI2;PRDX5;IDH1;PRDX1;SOD2;ACSL6;HSD17B4;PEX5L;SOD1;ACSL4;CRAT,ACSL6;HSD17B4;PEX5L;SOD1;ACSL4;CRAT
Estrogen signaling pathway Homo sapiens hsa04915,0.15144357541647538,0.8170481365073098,0.6376811594202898,0.8715165171206696,99,28,GNAI2;HSPA2;HRAS;GNAS;GABBR1;HSP90AA1;HSPA8;FKBP4;ADCY5;KRAS;GNAI1;MAPK1;MAP2K1;AKT3;GRB2;HSP90B1;CALM3;GNAQ;PLCB1;MAPK3;ITPR1;HSPA1A;GNAO1;PRKACB;HSP90AB1;PRKACA;GABBR2;KCNJ6,GNAI2;HSPA2;HRAS;GNAS;GABBR1;HSP90AA1;HSPA8;FKBP4;ADCY5;KRAS;GNAI1;MAPK1;MAP2K1;AKT3;GRB2;HSP90B1;CALM3;GNAQ;PLCB1;MAPK3;ITPR1;HSPA1A
Shigellosis Homo sapiens hsa05131,0.16969703120675794,0.8776639239635866,0.6521739130434783,0.8722813279337406,65,22,ARPC2;CRK;PFN1;WASL;ARPC4;ACTG1;CRKL;ARPC1A;ARPC3;RHOG;MAPK1;CTTN;WASF1;PFN2;VCL;ELMO2;MAPK3;ROCK2;CDC42;ARPC5L;MAPK10;ARPC5,ARPC2;CRK;PFN1;WASL;ARPC4;ACTG1;CRKL;ARPC1A;ARPC3;RHOG;MAPK1;CTTN;WASF1;PFN2;VCL;ELMO2
Protein processing in endoplasmic reticulum Homo sapiens hsa04141,0.13382428455268577,0.9770718387641415,0.4864864864864865,0.8727596266044341,169,45,LMAN2;HSPA4L;HYOU1;ERP29;PDIA6;RBX1;DNAJA2;EIF2AK4;RPN2;HSPA2;SEC13;GANAB;SVIP;WFS1;EIF2S1;HSP90AA1;LMAN1;HSPA8;HSPA5;FBXO2;NPLOC4;NSFL1C;SSR4;P4HB;PDIA3;RRBP1;HSP90B1;HSPA1A;VCP;CANX;RPN1;STUB1;UBQLN2;HSP90AB1;RAD23B;PRKCSH;MAPK10;SKP1;CALR;HSPH1;SEC31A;DDOST;UBXN6;DNAJA1;DNAJC5,LMAN2;HSPA4L;HYOU1;ERP29;PDIA6;RBX1;DNAJA2;EIF2AK4;RPN2;HSPA2;SEC13
Pyruvate metabolism Homo sapiens hsa00620,0.19101236237858304,0.950348148809466,0.47058823529411764,0.8729152533174134,40,23,ALDH1B1;GRHPR;ME1;PKLR;GLO1;PCK2;MDH2;ALDH2;DLD;PDHA1;ALDH9A1;PDHB;FH;LDHA;DLAT;PKM;ME3;ACYP2;HAGH;MDH1;LDHB;ACAT1;ACYP1,ALDH1B1;GRHPR;ME1;PKLR;GLO1;PCK2;MDH2;ALDH2;DLD;PDHA1
Chemokine signaling pathway Homo sapiens hsa04062,0.11861102891741987,0.7946143230043113,0.7397260273972602,0.8758537534033449,187,39,CRK;GNG12;GNAI2;GNG3;GNG5;HRAS;ADRBK2;WASL;ARRB1;GNB2;GNG4;PTK2B;CRKL;GNB1;ADCY5;KRAS;GNAI1;PAK1;MAPK1;MAP2K1;GNB5;AKT3;GRB2;RHOA;ADRBK1;GNB3;PLCB1;GSK3B;MAPK3;GNG2;PRKACB;ROCK2;CDC42;PRKCB;GSK3A;PRKACA;PTK2;GNG7;GNB4,CRK;GNG12;GNAI2;GNG3;GNG5;HRAS;ADRBK2;WASL;ARRB1;GNB2;GNG4;PTK2B;CRKL;GNB1;ADCY5;KRAS;GNAI1;PAK1;MAPK1;MAP2K1;GNB5;AKT3;GRB2;RHOA;ADRBK1;GNB3;PLCB1;GSK3B;MAPK3;GNG2
Dilated cardiomyopathy Homo sapiens hsa05414,0.187098474723775,0.8320031092359562,0.6774193548387096,0.8768919819969995,90,15,CACNA2D3;GNAS;ACTG1;RYR2;SLC8A1;LMNA;ADCY5;CACNA2D1;ATP2A2;TPM3;TPM1;PRKACB;PRKACA;MYH6;CACNG8,CACNA2D3;GNAS;ACTG1;RYR2;SLC8A1;LMNA;ADCY5;CACNA2D1;ATP2A2;TPM3;TPM1
Thyroid hormone signaling pathway Homo sapiens hsa04919,0.1363884342607762,0.7477758580915754,0.7246376811594203,0.8791526792927026,118,27,TSC2;RCAN1;HRAS;PFKP;RHEB;ACTG1;PRKCG;SLC2A1;PRKCA;KRAS;MAPK1;MAP2K1;AKT3;ATP2A2;ATP1A1;PLCB1;CTNNB1;ATP1A3;GSK3B;MAPK3;PRKACB;PRKCB;ATP1B2;ATP1B1;PRKACA;ATP1A2;MYH6,TSC2;RCAN1;HRAS;PFKP;RHEB;ACTG1;PRKCG;SLC2A1;PRKCA;KRAS;MAPK1;MAP2K1;AKT3;ATP2A2;ATP1A1;PLCB1;CTNNB1;ATP1A3;GSK3B;MAPK3;PRKACB;PRKCB;ATP1B2;ATP1B1;PRKACA;ATP1A2;MYH6
Ribosome Homo sapiens hsa03010,0.11531678058723129,0.9191306283552662,0.5641025641025641,0.8798082289077165,137,57,RPS26;RPS18;RPL10;RPS12;MRPS5;RPSA;RPL19;RPL22;RPL4;RPL30;RPL3;RPL6;RPS27A;RPL23;RPS10;RPS20;RPS3;RPS19;RPL31;RPL13A;RPLP0;RPL18A;RPL8;RPL17;RPS17;RPS2;RPS13;RPS5;RPS14;RPS6;RPL10A;RPL7;RPL36;RPS15;RPS28;RPL23A;RPL12;RPL13;RPL27A;RPLP2;RPL11;RPL21;RPS8;RPL34;RPS3A;RPS11;RPS25;RPL18;RPS15A;RPL15;RPL29;RPL37;RPS7;RPS9;RPL24;RPS29;RPL28,RPS26;RPS18;RPL10;RPS12;MRPS5;RPSA;RPL19;RPL22;RPL4;RPL30;RPL3;RPL6;RPS27A;RPL23;RPS10;RPS20;RPS3;RPS19
Salmonella infection Homo sapiens hsa05132,0.1578850693003426,0.8818941002209265,0.6307692307692307,0.8800560093348893,86,26,ARPC2;RAB7A;PFN1;MYH14;DYNC1LI1;WASL;ARPC4;DYNC1I1;ACTG1;ARPC1A;ARPC3;MYH9;RHOG;KLC2;MAPK1;WASF1;PFN2;DYNC1H1;MAPK3;MYH10;ROCK2;CDC42;ARPC5L;MAPK10;ARPC5;DYNC1LI2,ARPC2;RAB7A;PFN1;MYH14;DYNC1LI1;WASL;ARPC4;DYNC1I1;ACTG1;ARPC1A;ARPC3;MYH9;RHOG;KLC2;MAPK1
Carbon metabolism Homo sapiens hsa01200,0.2483213269804544,1.8789770496963807,0.0,0.8807467911318553,113,57,PCCA;SUCLG2;OGDH;ME1;PKLR;CS;PCCB;TALDO1;IDH3G;TKT;PFKP;PGAM2;MDH2;IDH2;DLD;PDHA1;GPI;ENO1;SDHB;ESD;TPI1;ALDOA;DLST;HIBCH;ALDOC;ALDH6A1;PGLS;HK1;GLUD1;GOT2;ACO2;IDH1;OGDHL;ENO2;PDHB;SDHA;FH;PRPS1L1;PGK1;SUCLA2;IDH3A;HADHA;PGD;DLAT;PKM;PHGDH;IDH3B;ADH5;GOT1;ME3;MDH1;PSAT1;PGP;ECHS1;ACAT1;PFKM;PGAM1,PCCA;SUCLG2;OGDH;ME1;PKLR;CS;PCCB;TALDO1;IDH3G;TKT;PFKP;PGAM2;MDH2;IDH2;DLD;PDHA1;GPI;ENO1;SDHB;ESD;TPI1;ALDOA;DLST;HIBCH;ALDOC;ALDH6A1;PGLS;HK1;GLUD1;GOT2;ACO2;IDH1;OGDHL;ENO2;PDHB;SDHA;FH;PRPS1L1;PGK1;SUCLA2;IDH3A;HADHA;PGD;DLAT;PKM;PHGDH;IDH3B;ADH5;GOT1
Proteasome Homo sapiens hsa03050,0.15626661753536628,0.9088786362293063,0.5857142857142857,0.8820328210730158,44,27,PSMB2;PSMD6;PSMA6;PSMC1;PSMD13;PSMC3;PSMD1;PSMC2;PSMD11;PSMC5;PSMA7;PSMC6;PSMA5;PSMA3;PSMD3;PSMD2;PSMB1;PSMD4;PSMB6;PSMA1;PSMB4;PSMB5;PSMC4;PSMB7;PSMA4;PSMA2;PSME1,PSMB2;PSMD6;PSMA6;PSMC1;PSMD13;PSMC3;PSMD1;PSMC2;PSMD11;PSMC5;PSMA7;PSMC6;PSMA5;PSMA3;PSMD3;PSMD2;PSMB1;PSMD4;PSMB6;PSMA1;PSMB4;PSMB5;PSMC4;PSMB7
Glutamatergic synapse Homo sapiens hsa04724,-0.07991556482836919,-0.7501676382222838,0.8928571428571429,0.8827248589445735,114,52,HOMER3;GNG12;GNAI2;GRM7;GRIN1;GNG3;GNG5;ADRBK2;PPP3R1;GNAS;GRIA1;SLC17A7;SLC1A3;GNB2;GLS;GNG4;PRKCG;GNB1;GRIA3;ADCY5;PRKCA;GNAI1;MAPK1;GNB5;GRIN2B;ADRBK1;GLUL;GNAQ;GNB3;PLCB1;GRIA2;MAPK3;ITPR1;GNG2;GRIN2A;GNAO1;PRKACB;PPP3CB;DLG4;HOMER2;GRM5;PPP3CA;PRKCB;CACNA1A;PRKACA;GNG7;SHANK1;SLC1A2;GRM2;DLGAP1;GNB4;HOMER1,ADRBK1;GLUL;GNAQ;GNB3;PLCB1;GRIA2;MAPK3;ITPR1;GNG2;GRIN2A;GNAO1;PRKACB;PPP3CB;DLG4;HOMER2;GRM5;PPP3CA;PRKCB;CACNA1A;PRKACA;GNG7;SHANK1;SLC1A2;GRM2;DLGAP1;GNB4;HOMER1
Amphetamine addiction Homo sapiens hsa05031,-0.11655978501868536,-0.7603684646801183,0.6956521739130435,0.8850381679389313,67,27,PPP1CC;GRIN1;MAOB;PPP3R1;GNAS;GRIA1;PRKCG;GRIA3;ADCY5;PRKCA;MAOA;PPP1CA;GRIN2B;CALM3;STX1A;CAMK2B;GRIA2;CAMK2A;GRIN2A;PRKACB;PPP3CB;PPP3CA;PRKCB;PRKACA;CAMK2D;CAMK2G;PPP1CB,MAOB;PPP3R1;GNAS;GRIA1;PRKCG;GRIA3;ADCY5;PRKCA;MAOA;PPP1CA;GRIN2B;CALM3;STX1A;CAMK2B;GRIA2;CAMK2A;GRIN2A;PRKACB;PPP3CB;PPP3CA;PRKCB;PRKACA;CAMK2D;CAMK2G;PPP1CB
Epstein-Barr virus infection Homo sapiens hsa05169,0.22495701212415606,1.4081795818334917,0.1111111111111111,0.8855438869441202,202,35,PSMD6;VIM;SND1;EIF2AK4;PSMC1;HSPA2;YWHAE;PSMD13;PSMC3;YWHAZ;XPO1;PSMD1;HSPA8;YWHAG;YWHAQ;PSMC2;YWHAB;PSMD11;PSMC5;PSMC6;PSMD3;AKT3;YWHAH;CSNK2B;CSNK2A2;PSMD2;CSNK2A1;PSMD4;GSK3B;HSPA1A;MAP2K4;PSMC4;PRKACB;MAPK10;PRKACA,PSMD6;VIM;SND1;EIF2AK4;PSMC1;HSPA2;YWHAE;PSMD13;PSMC3;YWHAZ;XPO1;PSMD1;HSPA8;YWHAG;YWHAQ;PSMC2;YWHAB;PSMD11;PSMC5;PSMC6;PSMD3;AKT3;YWHAH;CSNK2B;CSNK2A2;PSMD2
ErbB signaling pathway Homo sapiens hsa04012,-0.1279527382756137,-0.7351072080001769,0.8275862068965517,0.8865843755075524,87,23,CBLB;CRK;HRAS;ARAF;CRKL;PRKCG;PRKCA;KRAS;PAK1;MAPK1;MAP2K1;AKT3;GRB2;CAMK2B;GSK3B;MAPK3;MAP2K4;CAMK2A;PRKCB;MAPK10;PTK2;CAMK2D;CAMK2G,CRKL;PRKCG;PRKCA;KRAS;PAK1;MAPK1;MAP2K1;AKT3;GRB2;CAMK2B;GSK3B;MAPK3;MAP2K4;CAMK2A;PRKCB;MAPK10;PTK2;CAMK2D;CAMK2G
Renin secretion Homo sapiens hsa04924,0.14929424538545,0.7613896422403663,0.7857142857142857,0.8870515456279751,64,18,KCNMA1;GNAI2;PPP3R1;GNAS;PDE1A;PDE1B;ADCY5;GNAI1;CALM3;GNAQ;PLCB1;ITPR1;CTSB;PRKACB;PPP3CB;PPP3CA;ADCYAP1R1;PRKACA,KCNMA1;GNAI2;PPP3R1;GNAS;PDE1A;PDE1B;ADCY5;GNAI1;CALM3;GNAQ;PLCB1;ITPR1;CTSB;PRKACB;PPP3CB;PPP3CA;ADCYAP1R1;PRKACA
Ubiquitin mediated proteolysis Homo sapiens hsa04120,0.1476020546146231,0.7781830769329575,0.7101449275362319,0.8875413661839815,137,21,CBLB;UBE2O;RBX1;CUL3;TCEB1;UBE2N;NEDD4L;UBA1;FBXO2;UBE2M;PRPF19;TCEB2;UBE2L3;DDB1;CUL5;SAE1;STUB1;CUL2;UBA3;SKP1;PIAS1,CBLB;UBE2O;RBX1;CUL3;TCEB1;UBE2N;NEDD4L;UBA1;FBXO2;UBE2M;PRPF19;TCEB2;UBE2L3;DDB1;CUL5;SAE1;STUB1;CUL2;UBA3
mRNA surveillance pathway Homo sapiens hsa03015,0.1993922349636259,0.9252771179300902,0.5522388059701493,0.888038376766498,91,18,PPP1CC;ALYREF;DDX39B;PPP2R2A;PPP2CA;PABPN1;PPP2R5D;RNPS1;PABPC1;DAZAP1;PPP2CB;PPP1CA;PPP2R1A;SMG1;PPP2R5E;GSPT2;PPP1CB;CSTF2T,PPP1CC;ALYREF;DDX39B;PPP2R2A;PPP2CA;PABPN1;PPP2R5D;RNPS1;PABPC1;DAZAP1;PPP2CB;PPP1CA;PPP2R1A
VEGF signaling pathway Homo sapiens hsa04370,0.15688130503754752,0.7510585941953888,0.7457627118644068,0.8881672987164526,61,15,RAC3;HRAS;PPP3R1;PRKCG;PRKCA;KRAS;MAPK1;MAP2K1;AKT3;MAPK3;PPP3CB;CDC42;PPP3CA;PRKCB;PTK2,RAC3;HRAS;PPP3R1;PRKCG;PRKCA;KRAS;MAPK1;MAP2K1;AKT3;MAPK3;PPP3CB;CDC42;PPP3CA;PRKCB
Alcoholism Homo sapiens hsa05034,0.14245232468305222,0.9329627462993565,0.4852941176470588,0.8909515222234008,179,38,H3F3A;GNG12;GNAI2;PPP1CC;GRIN1;GNG3;GNG5;HRAS;MAOB;ARAF;GNAS;GNB2;GNG4;H2AFX;GNB1;ADCY5;KRAS;GNAI1;MAPK1;MAP2K1;GNB5;MAOA;GRB2;PPP1CA;GRIN2B;CALM3;GNB3;MAPK3;GNG2;GRIN2A;GNAO1;PRKACA;NTRK2;GNG7;CAMKK1;H2AFY;GNB4;PPP1CB,H3F3A;GNG12;GNAI2;PPP1CC;GRIN1;GNG3;GNG5;HRAS;MAOB;ARAF;GNAS;GNB2;GNG4;H2AFX;GNB1;ADCY5;KRAS;GNAI1;MAPK1;MAP2K1;GNB5;MAOA;GRB2;PPP1CA;GRIN2B
Platelet activation Homo sapiens hsa04611,-0.1250629292246653,-0.689957259528712,0.8787878787878788,0.8938625954198474,122,25,COL1A2;GNAI2;PPP1CC;GNAS;ACTG1;ADCY5;GNAI1;GNA13;MAPK1;AKT3;PPP1CA;RHOA;TLN2;GNAQ;PLCB1;MAPK3;ITPR1;PRKACB;ROCK2;MYL12A;FGA;PRKACA;TLN1;PPP1CB;FGB,ADCY5;GNAI1;GNA13;MAPK1;AKT3;PPP1CA;RHOA;TLN2;GNAQ;PLCB1;MAPK3;ITPR1;PRKACB;ROCK2;MYL12A;FGA;PRKACA;TLN1;PPP1CB;FGB
Proteoglycans in cancer Homo sapiens hsa05205,0.11184583102006801,0.7272448055890974,0.7162162162162162,0.8944839291397051,203,41,CBLB;MSN;HSPG2;PPP1CC;HRAS;ARAF;EZR;MRAS;RDX;ACTG1;PRKCG;ANK3;PRKCA;KRAS;PAK1;MAPK1;MAP2K1;CTTN;AKT3;EIF4B;DDX5;GRB2;PPP1CA;RHOA;RPS6;PTPN11;CAMK2B;CTNNB1;MAPK3;ITPR1;CAMK2A;PRKACB;ROCK2;ANK2;CDC42;PRKCB;PRKACA;PTK2;CAMK2D;CAMK2G;PPP1CB,CBLB;MSN;HSPG2;PPP1CC;HRAS;ARAF;EZR;MRAS;RDX;ACTG1;PRKCG;ANK3;PRKCA;KRAS;PAK1;MAPK1;MAP2K1;CTTN;AKT3;EIF4B;DDX5;GRB2;PPP1CA;RHOA;RPS6;PTPN11;CAMK2B;CTNNB1;MAPK3;ITPR1;CAMK2A;PRKACB;ROCK2;ANK2;CDC42;PRKCB
Pathogenic Escherichia coli infection Homo sapiens hsa05130,0.28459493737176245,1.639290285239791,0.041666666666666664,0.8951380785686502,55,26,TUBA8;ARPC2;TUBA1A;TUBB4B;TUBB2A;TUBB4A;TUBA1B;WASL;EZR;YWHAZ;ARPC4;ACTG1;TUBA4A;YWHAQ;ARPC1A;ARPC3;PRKCA;ARHGEF2;CTTN;RHOA;CTNNB1;NCL;ROCK2;CDC42;ARPC5L;ARPC5,TUBA8;ARPC2;TUBA1A;TUBB4B;TUBB2A;TUBB4A;TUBA1B;WASL;EZR;YWHAZ;ARPC4;ACTG1;TUBA4A;YWHAQ;ARPC1A;ARPC3;PRKCA;ARHGEF2;CTTN
Influenza A Homo sapiens hsa05164,0.17651615936205942,0.8831687828526006,0.6417910447761194,0.896077917748196,175,21,EIF2AK4;HSPA2;DDX39B;EIF2S1;XPO1;ACTG1;PABPN1;HSPA8;PRKCA;FDPS;MAPK1;MAP2K1;AKT3;GSK3B;MAPK3;HSPA1A;VDAC1;MAP2K4;PRKCB;MAPK10;CYCS,EIF2AK4;HSPA2;DDX39B;EIF2S1;XPO1;ACTG1;PABPN1;HSPA8;PRKCA;FDPS;MAPK1;MAP2K1;AKT3;GSK3B;MAPK3;HSPA1A;VDAC1;MAP2K4
Fatty acid degradation Homo sapiens hsa00071,0.25013514293233563,1.3365256819149267,0.13559322033898305,0.8965772073123298,44,20,ACAA2;ALDH1B1;ACSL3;CPT1C;ACADL;ACOX1;ECI1;ALDH2;ECI2;ALDH9A1;HADHA;ACSBG1;ADH5;HADHB;HADH;ACSL6;ECHS1;ACAT1;ACSL4;CPT2,ACAA2;ALDH1B1;ACSL3;CPT1C;ACADL;ACOX1;ECI1;ALDH2;ECI2
Adherens junction Homo sapiens hsa04520,0.13706809292723982,0.7170069097819812,0.8153846153846154,0.8989184764624951,74,24,RAC3;ACTN2;ACTN4;CTNND1;WASL;MLLT4;ACTG1;ACTN1;MAPK1;WASF1;CSNK2B;CSNK2A2;RHOA;VCL;CSNK2A1;CTNNB1;MAPK3;BAIAP2;LMO7;SORBS1;CDC42;WASF3;CTNNA2;FER,RAC3;ACTN2;ACTN4;CTNND1;WASL;MLLT4;ACTG1;ACTN1;MAPK1;WASF1;CSNK2B;CSNK2A2;RHOA;VCL;CSNK2A1;CTNNB1;MAPK3;BAIAP2;LMO7;SORBS1;CDC42;WASF3;CTNNA2
Dopaminergic synapse Homo sapiens hsa04728,-0.07425514016313133,-0.7009977914778017,0.7586206896551724,0.8991275899672846,129,56,GNG12;KIF5B;GNAI2;PPP1CC;COMT;GNG3;GNG5;PPP2R2A;MAOB;GNAS;GRIA1;GNB2;PPP2CA;GNG4;PRKCG;PPP2R5D;GNB1;GRIA3;ADCY5;PRKCA;GNAI1;GNB5;MAOA;AKT3;PPP2CB;PPP1CA;GRIN2B;PPP2R1A;CALM3;GNAQ;GNB3;CAMK2B;PLCB1;GRIA2;GSK3B;ITPR1;GNG2;KIF5C;CAMK2A;GRIN2A;GNAO1;PPP2R5E;PRKACB;PPP3CB;PPP3CA;PRKCB;GSK3A;CACNA1A;MAPK10;PRKACA;CAMK2D;GNG7;GNB4;CAMK2G;PPP1CB;KCNJ6,GNAS;GRIA1;GNB2;PPP2CA;GNG4;PRKCG;PPP2R5D;GNB1;GRIA3;ADCY5;PRKCA;GNAI1;GNB5;MAOA;AKT3;PPP2CB;PPP1CA;GRIN2B;PPP2R1A;CALM3;GNAQ;GNB3;CAMK2B;PLCB1;GRIA2;GSK3B;ITPR1;GNG2;KIF5C;CAMK2A;GRIN2A;GNAO1;PPP2R5E;PRKACB;PPP3CB;PPP3CA;PRKCB;GSK3A;CACNA1A;MAPK10;PRKACA;CAMK2D;GNG7;GNB4;CAMK2G;PPP1CB;KCNJ6
AMPK signaling pathway Homo sapiens hsa04152,0.14940854980483595,0.7626589442089077,0.8,0.8995483118154102,124,22,TSC2;CPT1C;PCK2;PPP2R2A;PFKP;RHEB;RAB11B;PPP2CA;PPP2R5D;AKT3;RAB10;PPP2CB;FASN;PPP2R1A;EEF2;RAB2A;PRKAA1;RAB14;PPP2R5E;LEPR;PFKM;CAMKK1,TSC2;CPT1C;PCK2;PPP2R2A;PFKP;RHEB;RAB11B;PPP2CA;PPP2R5D;AKT3;RAB10;PPP2CB;FASN;PPP2R1A;EEF2;RAB2A;PRKAA1
PPAR signaling pathway Homo sapiens hsa03320,0.31473241484342795,1.296392869060176,0.17391304347826086,0.9017169528254709,69,16,ACSL3;CPT1C;FABP7;ACADL;ME1;PCK2;ACOX1;DBI;SLC27A4;ACSBG1;FABP5;SORBS1;ACSL6;ACSL4;GK;CPT2,ACSL3;CPT1C;FABP7;ACADL;ME1;PCK2;ACOX1
Morphine addiction Homo sapiens hsa05032,0.10109763718487004,0.6172421295251267,0.8985507246376812,0.9404706339945547,91,36,GNG12;GABRA2;GNAI2;GNG3;GNG5;ADRBK2;GNAS;PDE1A;GABBR1;ARRB1;GNB2;GNG4;PRKCG;GNB1;PDE1B;ADCY5;PRKCA;GNAI1;GNB5;ADRBK1;GNB3;PDE4D;PDE2A;GNG2;GNAO1;PRKACB;SLC32A1;PRKCB;GABRA1;CACNA1A;PRKACA;GNG7;GABBR2;GNB4;GABRG1;KCNJ6,GNG12;GABRA2;GNAI2;GNG3;GNG5;ADRBK2;GNAS;PDE1A;GABBR1;ARRB1;GNB2;GNG4;PRKCG;GNB1;PDE1B;ADCY5;PRKCA;GNAI1
Vascular smooth muscle contraction Homo sapiens hsa04270,0.11191008447916184,0.6558724933088346,0.9565217391304348,0.9433176060744423,120,27,MYH11;KCNMA1;PPP1CC;ARAF;GNAS;MYL6;PRKCG;ADCY5;PRKCA;GNA13;MAPK1;MAP2K1;PPP1CA;RHOA;CALM3;GNAQ;PLCB1;MAPK3;ITPR1;PRKACB;ROCK2;PRKCE;PRKCB;ACTG2;PRKACA;GNA11;PPP1CB,MYH11;KCNMA1;PPP1CC;ARAF;GNAS;MYL6;PRKCG;ADCY5;PRKCA;GNA13;MAPK1;MAP2K1;PPP1CA;RHOA;CALM3;GNAQ;PLCB1;MAPK3;ITPR1;PRKACB;ROCK2;PRKCE;PRKCB;ACTG2
Vasopressin-regulated water reabsorption Homo sapiens hsa04962,0.13138103213155208,0.6248088310699442,0.9393939393939394,0.9483655726658669,44,17,AQP4;DYNLL2;DYNC1LI1;GNAS;RAB11B;DYNC1I1;DYNLL1;VAMP2;DCTN2;ARHGDIA;NSF;DYNC1H1;PRKACB;DCTN1;RAB5B;PRKACA;DYNC1LI2,AQP4;DYNLL2;DYNC1LI1;GNAS;RAB11B;DYNC1I1;DYNLL1
Purine metabolism Homo sapiens hsa00230,0.09057076171180546,0.5879446169112726,0.8904109589041096,0.9497066862741964,176,35,AK4;PRUNE;PKLR;IMPDH2;AK5;ADSS;NUDT9;NT5C;PDE6D;NME2;PDE1A;GDA;ATIC;ADSSL1;PDE1B;ADCY5;PGM1;PRPS1L1;HPRT1;PKM;PDE4D;PDE2A;NME1;AK1;AK3;GMPS;ITPA;PAICS;GUK1;ADK;NT5C2;NUDT16;AMPD2;ADSL;PNP,AK4;PRUNE;PKLR;IMPDH2;AK5;ADSS;NUDT9;NT5C
Bacterial invasion of epithelial cells Homo sapiens hsa05100,0.10577971646673665,0.566344397365654,0.9571428571428572,0.9521586931155193,78,26,ARPC2;CBLB;CRK;WASL;ARPC4;ACTG1;CRKL;ARPC1A;ARPC3;RHOG;CTTN;WASF1;RHOA;CLTA;VCL;ELMO2;CLTC;CTNNB1;CLTB;DNM3;DNM1;CDC42;ARPC5L;CTNNA2;PTK2;ARPC5,ARPC2;CBLB;CRK;WASL;ARPC4;ACTG1;CRKL;ARPC1A;ARPC3;RHOG;CTTN;WASF1;RHOA;CLTA;VCL;ELMO2;CLTC;CTNNB1;CLTB;DNM3;DNM1;CDC42;ARPC5L;CTNNA2;PTK2;ARPC5
Cocaine addiction Homo sapiens hsa05030,0.14239645315263402,0.658330639607217,0.8596491228070176,0.9543963209554533,49,15,GNAI2;GRIN1;MAOB;CDK5;GNAS;ADCY5;GNAI1;MAOA;GRIN2B;GRIA2;GRIN2A;PRKACB;DLG4;PRKACA;GRM2,GNAI2;GRIN1;MAOB;CDK5;GNAS;ADCY5;GNAI1;MAOA;GRIN2B;GRIA2;GRIN2A;PRKACB;DLG4
Axon guidance Homo sapiens hsa04360,0.10501121168059127,0.6322155857764454,0.8923076923076924,0.9551291881980329,127,29,ABLIM1;GNAI2;DPYSL5;RAC3;HRAS;NTN1;PPP3R1;CDK5;PLXNB1;DPYSL2;KRAS;GNAI1;PAK1;MAPK1;ABLIM2;RHOA;CFL1;CFL2;GSK3B;MAPK3;PPP3CB;ROCK2;CDC42;PPP3CA;EPHA4;PLXNA1;PTK2;L1CAM;EPHB4,ABLIM1;GNAI2;DPYSL5;RAC3;HRAS;NTN1;PPP3R1;CDK5;PLXNB1;DPYSL2;KRAS;GNAI1;PAK1;MAPK1;ABLIM2;RHOA;CFL1;CFL2;GSK3B;MAPK3;PPP3CB;ROCK2;CDC42;PPP3CA;EPHA4;PLXNA1
Vibrio cholerae infection Homo sapiens hsa05110,-0.11198827489252247,-0.5977911746466645,1.0,0.9577608142493639,51,18,ATP6V1F;SLC12A2;ARF1;GNAS;ACTG1;ATP6V1A;PRKCA;ATP6V1G2;ATP6V1H;ATP6V1B2;ATP6V1D;ATP6V0A1;PRKACB;ATP6V0D1;ATP6V1E1;ATP6V1C1;PRKACA;ATP6V0C,ATP6V1D;ATP6V0A1;PRKACB;ATP6V0D1;ATP6V1E1;ATP6V1C1;PRKACA;ATP6V0C
